time,_SHOULDER_RIGHT_PITCH,_SHOULDER_LEFT_PITCH,_NECK_UNIQUE_ROLL,_NECK_UNIQUE_YAW,_NECK_UNIQUE_PITCH,_ARML_UPPER_ROLL,_ARML_UPPER_YAW,_ARML_MIDDLE_PITCH,_ARML_MIDDLE_YAW,_ARML_EDGE_ROLL,_ARMR_UPPER_ROLL,_ARMR_UPPER_YAW,_ARMR_MIDDLE_PITCH,_ARMR_MIDDLE_YAW,_ARMR_EDGE_ROLL,_HANDL_THUMB_PITCH,_HANDL_INDEX_PITCH,_HANDL_MIDDLE_PITCH,_HANDL_RING_PITCH,_HANDL_LITTLE_PITCH,_HANDR_THUMB_PITCH,_HANDR_INDEX_PITCH,_HANDR_MIDDLE_PITCH,_HANDR_RING_PITCH,_HANDR_LITTLE_PITCH,_HEADL_OPHRYON_VERT,_HEADL_EYELIDU_VERT,_HEADL_EYELIDD_VERT,_HEADL_FACER_TENSE,_HEADL_FACEL_TENSE,_HEADC_EYEBROWR_VERT,_HEADC_EYEBROWL_VERT,_HEADC_EYER_YAW,_HEADC_EYEL_YAW,_HEADC_EYES_PITCH,_HEADR_LIPUP_REACH,_HEADR_LIPDOWN_REACH,_HEADR_MOUTHR_OPEN,_HEADR_MOUTHL_OPEN,_HEADR_CHIN_ROLL,_HIP_UNIQUE_PITCH,_HIP_UNIQUE_ROLL,_HIP_UNIQUE_YAW,_WHEEL_UNIQUE_VERT,_WHEEL_UNIQUE_STEEL,_WHEEL_UNIQUE_SPEED,_WHEEL_UNIQUE_BREAK,_ADD,_ADD,_ADD
0,-0.2179146836,0.0662491688,0.3813879261,-0.0454702747,0.1044579757,0.2695148817,-1.1010863963,-0.4696796946,-0.4800318237,0,-0.3301012552,1.1139492456,-0.4567524823,0.4371353559,0,0,0,0,0,0,0,0,0,0,0,0,0,0,0,0,0,0,0,0,0,0,0,0,0,0,0.4089600033,0.209930201,-0.0218900454,0,0,0,0,0,0,0
0.1,-0.1697310677,0.137127614,0.3279582035,-0.0454275976,0.0760166198,0.2572402041,-0.8717069283,-0.6980340861,-0.6452600968,0,-0.380914219,1.0210447947,-0.5488272848,0.5997114535,0,0,0,0,0,0,0,0,0,0,0,0,0,0,0,0,0,0,0,0,0,0,0,0,0,0,0.3896864146,0.1686867849,-0.0449250773,0,0,0,0,0,0,0
0.2,-0.1172914166,0.1995477785,0.2759456969,-0.0440412401,0.0521373673,0.2375592801,-0.6001711805,-0.9640893091,-0.867329582,0,-0.4298378298,0.8332456299,-0.7312538131,0.8398304463,0,0,0,0,0,0,0,0,0,0,0,0,0,0,0,0,0,0,0,0,0,0,0,0,0,0,0.3705779106,0.1306585662,-0.0639413832,0,0,0,0,0,0,0
0.3,-0.0647423363,0.2486698742,0.2298976955,-0.0416444834,0.0339223137,0.2164548305,-0.3152789133,-1.2298352615,-1.1208717722,0,-0.4733782461,0.556452492,-0.9939788883,1.1501479021,0,0,0,0,0,0,0,0,0,0,0,0,0,0,0,0,0,0,0,0,0,0,0,0,0,0,0.352964816,0.0991003827,-0.0777372825,0,0,0,0,0,0,0
0.4,-0.0170823168,0.2818609625,0.1936693747,-0.0387009897,0.0217471843,0.1993599178,-0.0766751706,-1.3881407617,-1.3440527942,0,-0.5095189919,0.2714714737,-1.2369253349,1.4546747801,0,0,0,0,0,0,0,0,0,0,0,0,0,0,0,0,0,0,0,0,0,0,0,0,0,0,0.3380909826,0.0765359138,-0.0857029759,0,0,0,0,0,0,0
0.5,0.0205232893,0.2984029819,0.1699572907,-0.0357263265,0.015263365,0.1895287242,0.0736866573,-1.3644716367,-1.4888874785,0,-0.5379502609,0.0626674533,-1.3310580272,1.6742530778,0,0,0,0,0,0,0,0,0,0,0,0,0,0,0,0,0,0,0,0,0,0,0,0,0,0,0.3269478314,0.0644045232,-0.0878773814,0,0,0,0,0,0,0
0.6,0.0438542496,0.2990596301,0.1599888795,-0.0332063228,0.013497468,0.1875464754,0.1334966019,-1.3257958685,-1.5470778147,0,-0.5594650355,-0.0533358444,-1.3079950591,1.7957908283,0,0,0,0,0,0,0,0,0,0,0,0,0,0,0,0,0,0,0,0,0,0,0,0,0,0,0.3201420378,0.0628585421,-0.084923045,0,0,0,0,0,0,0
0.7,0.0506964435,0.285889482,0.1634080946,-0.0315252876,0.0150312013,0.1917347701,0.1173381094,-1.3363728484,-1.5303142809,0,-0.5746991577,-0.0948448693,-1.2864162183,1.8396140762,0,0,0,0,0,0,0,0,0,0,0,0,0,0,0,0,0,0,0,0,0,0,0,0,0,0,0.3178163401,0.070741722,-0.0780244195,0,0,0,0,0,0,0
0.8,0.0413736899,0.2622462133,0.1783696994,-0.0309149444,0.0182333029,0.1990686394,0.0418583319,-1.3771512735,-1.4555357801,0,-0.5832128343,-0.0812566226,-1.2938712332,1.8261849532,0,0,0,0,0,0,0,0,0,0,0,0,0,0,0,0,0,0,0,0,0,0,0,0,0,0,0.319635043,0.0857525933,-0.0687247333,0,0,0,0,0,0,0
0.9,0.0185348421,0.2326062712,0.2018256452,-0.0314311261,0.0215086292,0.2063124321,-0.0729405895,-1.3860834222,-1.344183156,0,-0.5837069351,-0.0283588655,-1.3172718877,1.7719150565,0,0,0,0,0,0,0,0,0,0,0,0,0,0,0,0,0,0,0,0,0,0,0,0,0,0,0.3248361802,0.1047689112,-0.0587242959,0,0,0,0,0,0,0
1,-0.0137027361,0.202022522,0.2299606003,-0.032960482,0.023528054,0.2110312367,-0.2018792022,-1.3193819649,-1.2219666988,0,-0.5751717029,0.0471889722,-1.3304916087,1.6940668631,0,0,0,0,0,0,0,0,0,0,0,0,0,0,0,0,0,0,0,0,0,0,0,0,0,0,0.3323424578,0.1242854615,-0.049667432,0,0,0,0,0,0,0
1.1,-0.0508784361,0.1752835106,0.2587137899,-0.0352544915,0.0234067662,0.2121012875,-0.3202869194,-1.224205812,-1.1124813501,0,-0.557976349,0.1247311466,-1.3170502667,1.6141419367,0,0,0,0,0,0,0,0,0,0,0,0,0,0,0,0,0,0,0,0,0,0,0,0,0,0,0.3409144866,0.1409008845,-0.0429458119,0,0,0,0,0,0,0
1.2,-0.089122254,0.1561173865,0.2843136056,-0.0379837402,0.0208071513,0.209523933,-0.4114197357,-1.1425259059,-1.0303602478,0,-0.5341288486,0.1813952154,-1.2922179035,1.5561087271,0,0,0,0,0,0,0,0,0,0,0,0,0,0,0,0,0,0,0,0,0,0,0,0,0,0,0.3493237248,0.1517823381,-0.0395427665,0,0,0,0,0,0,0
1.3,-0.1255929515,0.1467027002,0.3037513616,-0.0408023808,0.0159543375,0.2037698101,-0.4679861116,-1.0900277223,-0.9807551441,0,-0.5067356105,0.1970076469,-1.2836242281,1.5411927613,0,0,0,0,0,0,0,0,0,0,0,0,0,0,0,0,0,0,0,0,0,0,0,0,0,0,0.3565198632,0.1550407549,-0.0399368239,0,0,0,0,0,0,0
1.4,-0.1584345747,0.1475353179,0.3151309242,-0.0434114199,0.0095658219,0.1951545513,-0.4891666046,-1.0702205129,-0.9630806761,0,-0.4792321504,0.1581559453,-1.3041346981,1.5833837577,0,0,0,0,0,0,0,0,0,0,0,0,0,0,0,0,0,0,0,0,0,0,0,0,0,0,0.3617684778,0.1499634581,-0.0440741337,0,0,0,0,0,0,0
1.5,-0.1864928344,0.1575438647,0.3178500624,-0.0456100983,0.0027093377,0.1836483859,-0.4776887935,-1.0812286713,-0.974253236,0,-0.4547925005,0.0621631315,-1.3326858256,1.6851921451,0,0,0,0,0,0,0,0,0,0,0,0,0,0,0,0,0,0,0,0,0,0,0,0,0,0,0.3647394351,0.1370727682,-0.0514099262,0,0,0,0,0,0,0
1.6,-0.2090496376,0.1743736624,0.3125943361,-0.047327,-0.0033866265,0.1691883626,-0.4386598782,-1.1180052864,-1.0097847984,0,-0.4359257296,-0.0769253111,-1.3037540386,1.8317680041,0,0,0,0,0,0,0,0,0,0,0,0,0,0,0,0,0,0,0,0,0,0,0,0,0,0,0.3655340377,0.1180055458,-0.0610100188,0,0,0,0,0,0,0
1.7,-0.2256918091,0.1948589634,0.301151439,-0.0486262166,-0.0075389898,0.1522202987,-0.3796390461,-1.1725452891,-1.0633757222,0,-0.4241692076,-0.2282978971,-1.1998418985,1.9912086623,0,0,0,0,0,0,0,0,0,0,0,0,0,0,0,0,0,0,0,0,0,0,0,0,0,0,0.364648078,0.0952353146,-0.0716958803,0,0,0,0,0,0,0
1.8,-0.2363036537,0.2156564721,0.2860791919,-0.0496882511,-0.0088008418,0.134039072,-0.3108361796,-1.2338455678,-1.1262512245,0,-0.4199070982,-0.3597397875,-1.0785010093,2.1301975748,0,0,0,0,0,0,0,0,0,0,0,0,0,0,0,0,0,0,0,0,0,0,0,0,0,0,0.3628774436,0.0716816304,-0.0822118462,0,0,0,0,0,0,0
1.9,-0.2411315195,0.2338729826,0.2702802201,-0.0507696516,-0.0066082437,0.1166528227,-0.244342744,-1.2892690518,-1.1874990027,0,-0.4224053667,-0.4536093579,-0.9799783416,2.2300269672,0,0,0,0,0,0,0,0,0,0,0,0,0,0,0,0,0,0,0,0,0,0,0,0,0,0,0.3611812704,0.0502672435,-0.0913913228,0,0,0,0,0,0,0
2,-0.240830637,0.2474595232,0.2565480025,-0.0521489066,-0.0008622975,0.1022142291,-0.1920326654,-1.3284017584,-1.2359321824,0,-0.4300843239,-0.5062370837,-0.9196182344,2.2860018197,0,0,0,0,0,0,0,0,0,0,0,0,0,0,0,0,0,0,0,0,0,0,0,0,0,0,0.3605236352,0.0334900358,-0.0983003046,0,0,0,0,0,0,0
2.1,-0.2364031087,0.2553019104,0.2471509549,-0.0540683454,0.0080635441,0.0923385046,-0.1630519816,-1.3473824294,-1.2626498134,0,-0.4409345702,-0.5185519304,-0.9033816736,2.2982606165,0,0,0,0,0,0,0,0,0,0,0,0,0,0,0,0,0,0,0,0,0,0,0,0,0,0,0.3617175706,0.0230728769,-0.1023409004,0,0,0,0,0,0,0
2.2,-0.2290089161,0.2571252549,0.2435134561,-0.0566823242,0.0193889952,0.0876283661,-0.1621889418,-1.3476137924,-1.2629147979,0,-0.4529367722,-0.4886175167,-0.9359557868,2.2646264898,0,0,0,0,0,0,0,0,0,0,0,0,0,0,0,0,0,0,0,0,0,0,0,0,0,0,0.365294399,0.019741198,-0.1033040545,0,0,0,0,0,0,0
2.3,-0.2197179616,0.2533945893,0.2460366302,-0.0600207939,0.0320520805,0.0875690981,-0.189381442,-1.3294758946,-1.2368720119,0,-0.4643774758,-0.4072665745,-1.023481517,2.1762614733,0,0,0,0,0,0,0,0,0,0,0,0,0,0,0,0,0,0,0,0,0,0,0,0,0,0,0.3714172017,0.0231574629,-0.101368241,0,0,0,0,0,0,0
2.4,-0.2093136424,0.2452677418,0.2540798265,-0.0639746414,0.0448718618,0.0907732349,-0.2399773559,-1.2918111201,-1.1893067564,0,-0.4740245899,-0.2561750267,-1.1699693663,2.0151916263,0,0,0,0,0,0,0,0,0,0,0,0,0,0,0,0,0,0,0,0,0,0,0,0,0,0,0.37985035,0.0320171193,-0.0970484634,0,0,0,0,0,0,0
2.5,-0.198240758,0.2345186527,0.2660994635,-0.0683054632,0.0567216271,0.0954502327,-0.3056416479,-1.2375625451,-1.1285458041,0,-0.4811826857,-0.0157026577,-1.3243157804,1.7613465681,0,0,0,0,0,0,0,0,0,0,0,0,0,0,0,0,0,0,0,0,0,0,0,0,0,0,0.3899884962,0.0442859197,-0.0911063518,0,0,0,0,0,0,0
2.6,-0.1866925092,0.2233208832,0.2799188463,-0.072678275,0.0666848093,0.0999039113,-0.3761631663,-1.1752007759,-1.0644343953,0,-0.4856395772,0.29759597,-1.2171614228,1.429762506,0,0,0,0,0,0,0,0,0,0,0,0,0,0,0,0,0,0,0,0,0,0,0,0,0,0,0.400939571,0.057537516,-0.0844366546,0,0,0,0,0,0,0
2.7,-0.1747851565,0.2138838364,0.293084107,-0.0767117948,0.0741697405,0.102872432,-0.4417923223,-1.1148723424,-1.0059314041,0,-0.4875393732,0.5984750256,-0.9550815952,1.1039059048,0,0,0,0,0,0,0,0,0,0,0,0,0,0,0,0,0,0,0,0,0,0,0,0,0,0,0.4116484788,0.0693361297,-0.0779474503,0,0,0,0,0,0,0
2.8,-0.1627243289,0.2080375888,0.3032501437,-0.0800379729,0.0789669054,0.1036183261,-0.4950568152,-1.0648674826,-0.9594401348,0,-0.4872151511,0.8110349131,-0.7535120567,0.8596929675,0,0,0,0,0,0,0,0,0,0,0,0,0,0,0,0,0,0,0,0,0,0,0,0,0,0,0.4210424763,0.0776039016,-0.072450829,0,0,0,0,0,0,0
2.9,-0.1508928328,0.2068988551,0.3085378233,-0.0823608803,0.0812423283,0.1018329489,-0.5313418872,-1.0304364497,-0.9284936704,0,-0.4850486974,0.9332964127,-0.6355336605,0.7027567461,0,0,0,0,0,0,0,0,0,0,0,0,0,0,0,0,0,0,0,0,0,0,0,0,0,0,0.4281764772,0.0809168565,-0.0685778626,0,0,0,0,0,0,0
3,-0.1398527058,0.2107042957,0.3078099087,-0.0835051395,0.0814714294,0.09750982,-0.5485799434,-1.014034643,-0.9143321781,0,-0.4813988437,0.9956906078,-0.5746702132,0.609138378,0,0,0,0,0,0,0,0,0,0,0,0,0,0,0,0,0,0,0,0,0,0,0,0,0,0,0.4323570815,0.078686359,-0.0667269931,0,0,0,0,0,0,0
3.1,-0.1302933906,0.2188254436,0.3008269993,-0.0834457728,0.0803273635,0.090906662,-0.5466406443,-1.015983129,-0.9166863459,0,-0.476613283,1.0246760963,-0.5460682027,0.5586048297,0,0,0,0,0,0,0,0,0,0,0,0,0,0,0,0,0,0,0,0,0,0,0,0,0,0,0.4332278276,0.0712022757,-0.0670493313,0,0,0,0,0,0,0
3.2,-0.1229702515,0.2299507045,0.2882639579,-0.0823143658,0.0785449284,0.082602785,-0.5268897395,-1.0349574311,-0.9342660054,0,-0.471072627,1.0352032955,-0.5355867175,0.5400404331,0,0,0,0,0,0,0,0,0,0,0,0,0,0,0,0,0,0,0,0,0,0,0,0,0,0,0.4308043808,0.0595365876,-0.0694686821,0,0,0,0,0,0,0
3.3,-0.1186606503,0.2423902285,0.271588827,-0.0803803016,0.076784495,0.073536947,-0.4919763711,-1.0682292319,-0.9649064727,0,-0.465218827,1.0323656029,-0.5383909476,0.5494722178,0,0,0,0,0,0,0,0,0,0,0,0,0,0,0,0,0,0,0,0,0,0,0,0,0,0,0.4254561035,0.0453282948,-0.0737292481,0,0,0,0,0,0,0
3.4,-0.1181390847,0.2544225521,0.2528268044,-0.0780098739,0.0755195651,0.0649120378,-0.4457502576,-1.1117721869,-1.0055019693,0,-0.4595318158,1.0131324475,-0.5573215683,0.5885728488,0,0,0,0,0,0,0,0,0,0,0,0,0,0,0,0,0,0,0,0,0,0,0,0,0,0,0.4178385047,0.0304886305,-0.0794605978,0,0,0,0,0,0,0
3.5,-0.1221465124,0.2645921272,0.2342484178,-0.0756096848,0.0749667241,0.0579413819,-0.3930893963,-1.1604762876,-1.0519930388,0,-0.454449637,0.9661284976,-0.6031156968,0.6649889273,0,0,0,0,0,0,0,0,0,0,0,0,0,0,0,0,0,0,0,0,0,0,0,0,0,0,0.4087882203,0.0168770502,-0.0862480071,0,0,0,0,0,0,0
3.6,-0.1313345333,0.2719095396,0.2180312118,-0.0735632917,0.075068797,0.0535267465,-0.3394576659,-1.2086953369,-1.0996395207,0,-0.4502508247,0.8707846921,-0.6951767302,0.793619608,0,0,0,0,0,0,0,0,0,0,0,0,0,0,0,0,0,0,0,0,0,0,0,0,0,0,0.3991973676,0.0060015258,-0.0936967853,0,0,0,0,0,0,0
3.7,-0.1461674019,0.275955386,0.2059467027,-0.0721711721,0.0755323151,0.0520100191,-0.2901576415,-1.2512089857,-1.1436591101,0,-0.4469261813,0.7008652756,-0.8575440595,0.9948024533,0,0,0,0,0,0,0,0,0,0,0,0,0,0,0,0,0,0,0,0,0,0,0,0,0,0,0.3898866333,-0.0012089549,-0.1014814493,0,0,0,0,0,0,0
3.8,-0.1668006958,0.2769235472,0.199118913,-0.071603564,0.075910646,0.0530957975,-0.2494588056,-1.2843727599,-1.1800721122,0,-0.4440945597,0.4439236164,-1.0944239356,1.2773298231,0,0,0,0,0,0,0,0,0,0,0,0,0,0,0,0,0,0,0,0,0,0,0,0,0,0,0.381495965,-0.0045250003,-0.1093741041,0,0,0,0,0,0,0
3.9,-0.1929586924,0.275612424,0.197888511,-0.0718736924,0.0757159792,0.0559646596,-0.2199343107,-1.3068590997,-1.2064035848,0,-0.4410249925,0.1387985741,-1.3128499359,1.6018626335,0,0,0,0,0,0,0,0,0,0,0,0,0,0,0,0,0,0,0,0,0,0,0,0,0,0,0.3744084221,-0.0044143713,-0.1172504792,0,0,0,0,0,0,0
4,-0.223869214,0.2733281507,0.2017995088,-0.0728356503,0.074538221,0.0595020801,-0.2022114117,-1.319462934,-1.2220007872,0,-0.436810013,-0.1349610791,-1.2684063545,1.8902604759,0,0,0,0,0,0,0,0,0,0,0,0,0,0,0,0,0,0,0,0,0,0,0,0,0,0,0.3687171711,-0.0019210077,-0.1250760313,0,0,0,0,0,0,0
4.1,-0.2582915333,0.2716891492,0.2097063358,-0.0742072917,0.0721476048,0.0625447038,-0.1951605037,-1.3241365039,-1.2279007543,0,-0.4306565394,-0.3340993502,-1.1027260711,2.1009254397,0,0,0,0,0,0,0,0,0,0,0,0,0,0,0,0,0,0,0,0,0,0,0,0,0,0,0.3642387018,0.0015504715,-0.1328777092,0,0,0,0,0,0,0
4.2,-0.2946711127,0.2723285445,0.2199808646,-0.0756145394,0.068560714,0.0640559127,-0.1963854258,-1.3230960873,-1.2263655751,0,-0.4221869854,-0.4649393213,-0.970113317,2.2412255596,0,0,0,0,0,0,0,0,0,0,0,0,0,0,0,0,0,0,0,0,0,0,0,0,0,0,0.3605681873,0.0045056839,-0.1407089055,0,0,0,0,0,0,0
4.3,-0.3313832718,0.276567523,0.2307843753,-0.0766501518,0.064056169,0.0632128356,-0.2028724295,-1.3184682877,-1.2202407041,0,-0.4116117403,-0.5473432123,-0.8798453702,2.3313618446,0,0,0,0,0,0,0,0,0,0,0,0,0,0,0,0,0,0,0,0,0,0,0,0,0,0,0.3571666142,0.0056393671,-0.1486155525,0,0,0,0,0,0,0
4.4,-0.366986547,0.2851198225,0.2403606201,-0.0769377527,0.0591353468,0.0594754099,-0.2116520848,-1.3122155109,-1.2123003561,0,-0.3996899504,-0.5973913884,-0.8232664819,2.3873513444,0,0,0,0,0,0,0,0,0,0,0,0,0,0,0,0,0,0,0,0,0,0,0,0,0,0,0.3534648062,0.0040744479,-0.1566102739,0,0,0,0,0,0,0
4.5,-0.4003905815,0.2979183553,0.2473042818,-0.0761911646,0.0544336397,0.0527109054,-0.2203355452,-1.3059879444,-1.2047275244,0,-0.3875105856,-0.6256762081,-0.7918918637,2.4196943706,0,0,0,0,0,0,0,0,0,0,0,0,0,0,0,0,0,0,0,0,0,0,0,0,0,0,0.3489673982,-0.0004788683,-0.1646592676,0,0,0,0,0,0,0
4.6,-0.4308872787,0.3141289869,0.2507642976,-0.0742598983,0.0505971564,0.0433817824,-0.2274522305,-1.300880992,-1.1988077168,0,-0.3762061568,-0.6390650347,-0.7786871698,2.4353694705,0,0,0,0,0,0,0,0,0,0,0,0,0,0,0,0,0,0,0,0,0,0,0,0,0,0,0.3433404369,-0.0076699708,-0.1726836299,0,0,0,0,0,0,0
4.7,-0.4580728072,0.3323643629,0.2505527678,-0.0711539033,0.0481467904,0.032687402,-0.2325689399,-1.2972518813,-1.1948370768,0,-0.36670645,-0.6423386357,-0.7776993521,2.4395008323,0,0,0,0,0,0,0,0,0,0,0,0,0,0,0,0,0,0,0,0,0,0,0,0,0,0,0.3364694079,-0.0165683459,-0.1805737136,0,0,0,0,0,0,0
4.8,-0.48172548,0.3510132895,0.2471455898,-0.0670439972,0.0473549233,0.0225151319,-0.2362062284,-1.2947134509,-1.1922261136,0,-0.3595891113,-0.6391861031,-0.7838618104,2.436246982,0,0,0,0,0,0,0,0,0,0,0,0,0,0,0,0,0,0,0,0,0,0,0,0,0,0,0.3284795722,-0.0258259908,-0.1882124209,0,0,0,0,0,0,0
4.9,-0.5017081044,0.3685297673,0.2415780928,-0.0622382278,0.048159021,0.015121496,-0.2396037013,-1.2922925171,-1.1897371233,0,-0.3550247445,-0.6326192305,-0.7930601075,2.4290694966,0,0,0,0,0,0,0,0,0,0,0,0,0,0,0,0,0,0,0,0,0,0,0,0,0,0,0.3197166868,-0.0339128228,-0.1955015487,0,0,0,0,0,0,0
5,-0.517929361,0.383560895,0.2352551004,-0.0571381621,0.0501310499,0.0126323907,-0.244402741,-1.2886760367,-1.1857920496,0,-0.3527963154,-0.6249629719,-0.8023396067,2.4206195528,0,0,0,0,0,0,0,0,0,0,0,0,0,0,0,0,0,0,0,0,0,0,0,0,0,0,0.310692492,-0.0393839655,-0.2023847242,0,0,0,0,0,0,0
5.1,-0.5303658183,0.3949419638,0.229707587,-0.0521821477,0.0525127438,0.0165275294,-0.2522818251,-1.2824832965,-1.1788198939,0,-0.3523797319,-0.6176777052,-0.8100851447,2.4125195483,0,0,0,0,0,0,0,0,0,0,0,0,0,0,0,0,0,0,0,0,0,0,0,0,0,0,0.3020047909,-0.0411326004,-0.2088611805,0,0,0,0,0,0,0
5.2,-0.5391159116,0.4016958617,0.2263355317,-0.0477844735,0.0543156927,0.0272593323,-0.2646401839,-1.2724854133,-1.1675555214,0,-0.353065548,-0.6113030291,-0.8159750973,2.4053324755,0,0,0,0,0,0,0,0,0,0,0,0,0,0,0,0,0,0,0,0,0,0,0,0,0,0,0.2942456942,-0.0385846977,-0.2149864627,0,0,0,0,0,0,0
5.3,-0.5444517658,0.4031700945,0.2261777074,-0.044279786,0.0544737885,0.0441060028,-0.2823212948,-1.2578124405,-1.1512954582,0,-0.3541107887,-0.6056663313,-0.8206361461,2.3988324982,0,0,0,0,0,0,0,0,0,0,0,0,0,0,0,0,0,0,0,0,0,0,0,0,0,0,0.2879131178,-0.0318019098,-0.2208587704,0,0,0,0,0,0,0
5.4,-0.5468366341,0.3993128306,0.229743965,-0.0418810526,0.0520256741,0.0652839804,-0.3054734684,-1.2381087947,-1.1300203964,0,-0.3548911306,-0.600268373,-0.8251073026,2.3924686085,0,0,0,0,0,0,0,0,0,0,0,0,0,0,0,0,0,0,0,0,0,0,0,0,0,0,0.2833397224,-0.0214745465,-0.2265925449,0,0,0,0,0,0,0
5.5,-0.5469067332,0.390929331,0.2369350302,-0.0406569923,0.0462982285,0.0883016904,-0.3335198583,-1.2136508502,-1.1044019851,0,-0.3550223236,-0.5947050494,-0.8302731457,2.3858389352,0,0,0,0,0,0,0,0,0,0,0,0,0,0,0,0,0,0,0,0,0,0,0,0,0,0,0.2806503684,-0.0088052195,-0.2322835565,0,0,0,0,0,0,0
5.6,-0.5454118294,0.3797020045,0.2470606778,-0.0405316356,0.0370600289,0.1104805938,-0.3652733955,-1.1853428231,-1.075671204,0,-0.3544226014,-0.588991605,-0.8364104853,2.3790401513,0,0,0,0,0,0,0,0,0,0,0,0,0,0,0,0,0,0,0,0,0,0,0,0,0,0,0.2797543749,0.0046976549,-0.2379716509,0,0,0,0,0,0,0
5.7,-0.5431340467,0.367865073,0.25895167,-0.0413050618,0.0246167142,0.1294966456,-0.3991445685,-1.1545773074,-1.0453928601,0,-0.3533125268,-0.5837518748,-0.8429226478,2.3728475028,0,0,0,0,0,0,0,0,0,0,0,0,0,0,0,0,0,0,0,0,0,0,0,0,0,0,0.2803731946,0.0174818839,-0.2436081252,0,0,0,0,0,0,0
5.8,-0.5407965404,0.3576220482,0.2711464252,-0.0426910027,0.0098279613,0.1437834234,-0.4334027658,-1.1229885782,-1.0152016015,0,-0.3521577521,-0.5802757378,-0.8482718213,2.3687504958,0,0,0,0,0,0,0,0,0,0,0,0,0,0,0,0,0,0,0,0,0,0,0,0,0,0,0.2820984612,0.0282247671,-0.2490342513,0,0,0,0,0,0,0
5.9,-0.5389525482,0.3505334222,0.2821222464,-0.0443644296,-0.0059626706,0.1527216822,-0.4664192508,-1.0921873319,-0.9865672269,0,-0.3515912915,-0.5803982065,-0.8501520283,2.3688050906,0,0,0,0,0,0,0,0,0,0,0,0,0,0,0,0,0,0,0,0,0,0,0,0,0,0,0.2844706098,0.0360710133,-0.2539758267,0,0,0,0,0,0,0
6,-0.5378747507,0.3471174115,0.2905346893,-0.0460108809,-0.0210801893,0.1566497119,-0.4968443026,-1.0635519239,-0.9606356279,0,-0.3523412296,-0.5861224269,-0.8459405803,2.375235293,0,0,0,0,0,0,0,0,0,0,0,0,0,0,0,0,0,0,0,0,0,0,0,0,0,0,0.2870651343,0.0407941953,-0.2580560689,0,0,0,0,0,0,0
6.1,-0.5374470017,0.3467882793,0.295428139,-0.047369336,-0.0337345454,0.1567760884,-0.5237104837,-1.0381000758,-0.938155419,0,-0.35518057,-0.5989428982,-0.8334459308,2.3897287483,0,0,0,0,0,0,0,0,0,0,0,0,0,0,0,0,0,0,0,0,0,0,0,0,0,0,0.2895724851,0.0428530249,-0.2608261328,0,0,0,0,0,0,0
6.2,-0.5370873291,0.3480864002,0.2963858295,-0.048261867,-0.0422712786,0.1550308281,-0.5464565977,-1.0164491876,-0.9194839301,0,-0.3608942591,-0.6190013244,-0.811835434,2.4125419189,0,0,0,0,0,0,0,0,0,0,0,0,0,0,0,0,0,0,0,0,0,0,0,0,0,0,0.2918587367,0.0433310213,-0.2618095358,0,0,0,0,0,0,0
6.3,-0.5357157828,0.3490576659,0.2935974361,-0.0486058508,-0.0454196252,0.1538058548,-0.5649195748,-0.9988169087,-0.9046232249,0,-0.3702311696,-0.6444863825,-0.7823902334,2.4418217771,0,0,0,0,0,0,0,0,0,0,0,0,0,0,0,0,0,0,0,0,0,0,0,0,0,0,0.2939972626,0.0437675019,-0.2605543469,0,0,0,0,0,0,0
6.4,-0.5317948623,0.3475973646,0.2878353721,-0.048407739,-0.0424995791,0.155553921,-0.5793141023,-0.9850397872,-0.8932661744,0,-0.3838218234,-0.6717411167,-0.7486646227,2.4736119311,0,0,0,0,0,0,0,0,0,0,0,0,0,0,0,0,0,0,0,0,0,0,0,0,0,0,0.296266208,0.0459060636,-0.2566855663,0,0,0,0,0,0,0
6.5,-0.5234473007,0.3416692951,0.2803449448,-0.0477407199,-0.0335536684,0.1622685558,-0.5902267143,-0.9745803994,-0.8848213572,0,-0.4020574489,-0.6961558837,-0.7159090535,2.5026542354,0,0,0,0,0,0,0,0,0,0,0,0,0,0,0,0,0,0,0,0,0,0,0,0,0,0,0.2991118332,0.0514008275,-0.2499499422,0,0,0,0,0,0,0
6.6,-0.5086669528,0.329463512,0.2726664149,-0.0467114742,-0.0193790249,0.1749527659,-0.5986302931,-0.9665157641,-0.8784085318,0,-0.424943434,-0.7132725282,-0.6901786867,2.523466573,0,0,0,0,0,0,0,0,0,0,0,0,0,0,0,0,0,0,0,0,0,0,0,0,0,0,0.3030829911,0.0615283371,-0.2402465859,0,0,0,0,0,0,0
6.7,-0.4856042861,0.3096454088,0.2664168009,-0.0454231453,-0.0014493938,0.1932370545,-0.6059236678,-0.9595018357,-0.8728302746,0,-0.4519418926,-0.7193119783,-0.6777052528,2.5310022536,0,0,0,0,0,0,0,0,0,0,0,0,0,0,0,0,0,0,0,0,0,0,0,0,0,0,0.3087463059,0.076952822,-0.2276389788,0,0,0,0,0,0,0
6.8,-0.4529110927,0.2817827247,0.2630645866,-0.0439422645,0.018266957,0.2153275871,-0.6139525233,-0.9517545192,-0.8665488097,0,-0.4818375665,-0.7107485526,-0.6847675849,2.5205631948,0,0,0,0,0,0,0,0,0,0,0,0,0,0,0,0,0,0,0,0,0,0,0,0,0,0,0.3165944341,0.0975845294,-0.2123469351,0,0,0,0,0,0,0
6.9,-0.4100700333,0.246799577,0.263730627,-0.0422765935,0.0375713364,0.2384289471,-0.625008301,-0.9410488875,-0.8576873409,0,-0.5126628758,-0.6829880235,-0.7179967561,2.4869556997,0,0,0,0,0,0,0,0,0,0,0,0,0,0,0,0,0,0,0,0,0,0,0,0,0,0,0.3269607063,0.1225562256,-0.1947202894,0,0,0,0,0,0,0
7,-0.3576549847,0.2071359448,0.2690436541,-0.0403687893,0.054345193,0.2596148421,-0.6417292666,-0.9248080124,-0.8441235952,0,-0.5417590833,-0.6283125137,-0.7851559016,2.4227636637,0,0,0,0,0,0,0,0,0,0,0,0,0,0,0,0,0,0,0,0,0,0,0,0,0,0,0.3399524164,0.1503241023,-0.1751989698,0,0,0,0,0,0,0
7.1,-0.2974566196,0.1663728253,0.2790697495,-0.0381078028,0.0668629675,0.2768212156,-0.6668677045,-0.9003163888,-0.8237137944,0,-0.5660707008,-0.532938808,-0.8966260002,2.3152158979,0,0,0,0,0,0,0,0,0,0,0,0,0,0,0,0,0,0,0,0,0,0,0,0,0,0,0.3554122333,0.1788792306,-0.1542661909,0,0,0,0,0,0,0
7.2,-0.2324145761,0.1284240362,0.2933234934,-0.0353565173,0.0740607652,0.2894467865,-0.7029199322,-0.8650677666,-0.7946529811,0,-0.5827165995,-0.3732301407,-1.065838098,2.1415703379,0,0,0,0,0,0,0,0,0,0,0,0,0,0,0,0,0,0,0,0,0,0,0,0,0,0,0.3729131546,0.2060376437,-0.132402404,0,0,0,0,0,0,0
7.3,-0.1663651825,0.0966705886,0.3108560803,-0.0319908938,0.0757189857,0.2982252375,-0.7516218368,-0.8172568655,-0.7559569175,0,-0.5897414507,-0.1172366741,-1.2814712572,1.8695199105,0,0,0,0,0,0,0,0,0,0,0,0,0,0,0,0,0,0,0,0,0,0,0,0,0,0,0.3917877208,0.2297640469,-0.1100472018,0,0,0,0,0,0,0
7.4,-0.1036259138,0.0733507928,0.3304044338,-0.0279433998,0.0725281123,0.304503027,-0.8134444337,-0.7562920101,-0.7079120267,0,-0.5867362027,0.2388278477,-1.2599949574,1.4928204348,0,0,0,0,0,0,0,0,0,0,0,0,0,0,0,0,0,0,0,0,0,0,0,0,0,0,0.4111875879,0.2484782192,-0.0875746782,0,0,0,0,0,0,0
7.5,-0.0484968938,0.059239499,0.3505769261,-0.0232422145,0.0660229361,0.3094079739,-0.8873092663,-0.6831063293,-0.6522590839,0,-0.5749705202,0.6015312419,-0.9523537934,1.10039972,0,0,0,0,0,0,0,0,0,0,0,0,0,0,0,0,0,0,0,0,0,0,0,0,0,0,0.4301656672,0.2612953979,-0.0652850761,0,0,0,0,0,0,0
7.6,-0.0047866892,0.0535124184,0.3700469062,-0.0180378895,0.0583893368,0.3133901437,-0.9706714541,-0.6001010596,-0.5919431458,0,-0.5569081905,0.856858589,-0.7096272557,0.801630796,0,0,0,0,0,0,0,0,0,0,0,0,0,0,0,0,0,0,0,0,0,0,0,0,0,0,0.4477704026,0.2681620275,-0.0434123933,0,0,0,0,0,0,0
7.7,0.0245460069,0.0537474862,0.3877253725,-0.0126108236,0.0521666366,0.316333746,-1.0600199577,-0.5106471488,-0.5303929989,0,-0.5353319096,0.9930621887,-0.5773976516,0.6077302315,0,0,0,0,0,0,0,0,0,0,0,0,0,0,0,0,0,0,0,0,0,0,0,0,0,0,0.4631406702,0.2698646369,-0.0221445252,0,0,0,0,0,0,0
7.8,0.0375841445,0.0562021982,0.4028885943,-0.0073558514,0.0498846778,0.3180590631,-1.151502879,-0.4183966675,-0.4706324297,0,-0.5124883103,1.0517296566,-0.5187065848,0.4833269862,0,0,0,0,0,0,0,0,0,0,0,0,0,0,0,0,0,0,0,0,0,0,0,0,0,0,0.4755903028,0.2679096789,-0.001650066,0,0,0,0,0,0,0
7.9,0.0335326286,0.0564566574,0.4152444355,-0.0027440021,0.05368569,0.3187507875,-1.2412099158,-0.3267698994,-0.4146754204,0,-0.4895549043,1.0720996618,-0.4960986764,0.398180533,0,0,0,0,0,0,0,0,0,0,0,0,0,0,0,0,0,0,0,0,0,0,0,0,0,0,0.4846731703,0.2642927067,0.0178954662,0,0,0,0,0,0,0
8,0.0127568145,0.0502986813,0.4249311807,0.0007345473,0.0649849351,0.3188932475,-1.3245890821,-0.2388740566,-0.3635380004,0,-0.4665353018,1.0775019599,-0.4863237689,0.3353086926,0,0,0,0,0,0,0,0,0,0,0,0,0,0,0,0,0,0,0,0,0,0,0,0,0,0,0.4902227034,0.261192966,0.0362911925,0,0,0,0,0,0,0
8.1,-0.0231579339,0.0345733305,0.432453179,0.0026387779,0.0842203058,0.3186811908,-1.3944623922,-0.1577408968,-0.317791917,0,-0.4425704079,1.0781138425,-0.4789033869,0.2872346734,0,0,0,0,0,0,0,0,0,0,0,0,0,0,0,0,0,0,0,0,0,0,0,0,0,0,0.4923632185,0.2606414703,0.053305998,0,0,0,0,0,0,0
8.2,-0.0713686894,0.007809813,0.4385669563,0.0026463736,0.1107298507,0.3173338006,-1.4379326174,-0.08636211,-0.2780797576,0,-0.416575092,1.0779453271,-0.4705357786,0.2504844153,0,0,0,0,0,0,0,0,0,0,0,0,0,0,0,0,0,0,0,0,0,0,0,0,0,0,0.4914938516,0.2642149422,0.0686903454,0,0,0,0,0,0,0
8.3,-0.1278724598,-0.0293881167,0.4441382037,0.0006135216,0.1427790724,0.3129039952,-1.4428492984,-0.0271471994,-0.2450707414,0,-0.38802183,1.0790127143,-0.460814309,0.2225958756,0,0,0,0,0,0,0,0,0,0,0,0,0,0,0,0,0,0,0,0,0,0,0,0,0,0,0.4882488536,0.272803908,0.0822044998,0,0,0,0,0,0,0
8.4,-0.1878393421,-0.0742366327,0.4499933081,-0.0033852474,0.1777391549,0.3029722578,-1.4208515673,0.0187615121,-0.2190840982,0,-0.3575436287,1.0823529398,-0.4502839179,0.2015285736,0,0,0,0,0,0,0,0,0,0,0,0,0,0,0,0,0,0,0,0,0,0,0,0,0,0,0.4834400877,0.2864913454,0.0936593094,0,0,0,0,0,0,0
8.5,-0.2461672392,-0.1221834057,0.4567885101,-0.0090449384,0.2123959386,0.286058785,-1.3935264946,0.0517164678,-0.1998668942,0,-0.3270444435,1.0880667919,-0.4396837423,0.185708914,0,0,0,0,0,0,0,0,0,0,0,0,0,0,0,0,0,0,0,0,0,0,0,0,0,0,0.4779886254,0.3045605065,0.1029625953,0,0,0,0,0,0,0
8.6,-0.2981215264,-0.1680411575,0.4649156347,-0.0158496234,0.2433505589,0.2629443543,-1.3716224483,0.073203678,-0.1866798859,0,-0.2992521073,1.0954643139,-0.4296578654,0.1739692672,0,0,0,0,0,0,0,0,0,0,0,0,0,0,0,0,0,0,0,0,0,0,0,0,0,0,0.472852381,0.3256297045,0.1101621976,0,0,0,0,0,0,0
8.7,-0.3398922728,-0.2075632138,0.4744564835,-0.023122914,0.2674589554,0.2369229304,-1.3584029442,0.0851992627,-0.1785562292,0,-0.2769642828,1.1034300593,-0.4206474747,0.1653384614,0,0,0,0,0,0,0,0,0,0,0,0,0,0,0,0,0,0,0,0,0,0,0,0,0,0,0.4689559264,0.347891349,0.1154762379,0,0,0,0,0,0,0
8.8,-0.3689728463,-0.2386202236,0.4851896237,-0.0301038989,0.2822509981,0.2127408008,-1.3539850267,0.0896436802,-0.1745326755,0,-0.2623753764,1.1108203551,-0.4128701977,0.1588718402,0,0,0,0,0,0,0,0,0,0,0,0,0,0,0,0,0,0,0,0,0,0,0,0,0,0,0.4671272958,0.3694156565,0.1193023952,0,0,0,0,0,0,0
8.9,-0.3843468628,-0.2612032943,0.4966448698,-0.0360389238,0.2862717975,0.1949882279,-1.3570153828,0.0882638284,-0.1737255879,0,-0.2566948723,1.1167381369,-0.4063406583,0.1536178062,0,0,0,0,0,0,0,0,0,0,0,0,0,0,0,0,0,0,0,0,0,0,0,0,0,0,0.4680450655,0.3884690188,0.1222008434,0,0,0,0,0,0,0
9,-0.3865004577,-0.2763395134,0.5081935814,-0.0402767383,0.2792976986,0.1868874089,-1.3653150089,0.0827035205,-0.175264945,0,-0.2600445963,1.1206365699,-0.4009190402,0.1487274269,0,0,0,0,0,0,0,0,0,0,0,0,0,0,0,0,0,0,0,0,0,0,0,0,0,0,0.4721975907,0.4037947143,0.124849591,0,0,0,0,0,0,0
9.1,-0.3772826636,-0.2848169548,0.5191580708,-0.0423534561,0.2623961782,0.1897748076,-1.3762487306,0.0747701484,-0.178179342,0,-0.2715154044,1.122301638,-0.3963702522,0.1436062347,0,0,0,0,0,0,0,0,0,0,0,0,0,0,0,0,0,0,0,0,0,0,0,0,0,0,0.4798552467,0.4148099085,0.127975671,0,0,0,0,0,0,0
9.2,-0.3596441106,-0.2866590772,0.5289215783,-0.0420547099,0.2378200377,0.2029960428,-1.387105054,0.0665432428,-0.1813537801,0,-0.2893094431,1.1217857293,-0.3924347986,0.1380167339,0,0,0,0,0,0,0,0,0,0,0,0,0,0,0,0,0,0,0,0,0,0,0,0,0,0,0.4910559391,0.4216867426,0.1322701807,0,0,0,0,0,0,0
9.3,-0.3372743543,-0.2816699309,0.5370215431,-0.0394452483,0.2087489254,0.223996479,-1.395508507,0.0602166346,-0.1836255897,0,-0.3109826216,1.1193733427,-0.3888800999,0.1320559719,0,0,0,0,0,0,0,0,0,0,0,0,0,0,0,0,0,0,0,0,0,0,0,0,0,0,0.5056039918,0.4253045217,0.1382987757,0,0,0,0,0,0,0
9.4,-0.3141930877,-0.2706229691,0.5432128846,-0.0348606528,0.1789121197,0.2487522463,-1.3997183343,0.0577023998,-0.1839959355,0,-0.3337953215,1.1155646653,-0.3855486907,0.1260431284,0,0,0,0,0,0,0,0,0,0,0,0,0,0,0,0,0,0,0,0,0,0,0,0,0,0,0.5230826152,0.4270814751,0.1464211984,0,0,0,0,0,0,0
9.5,-0.2943085475,-0.2561650823,0.5474938812,-0.0288612209,0.1521426737,0.2727177654,-1.3986854437,0.0601590505,-0.1818775573,0,-0.3550985323,1.1110611061,-0.3823744625,0.1203533513,0,0,0,0,0,0,0,0,0,0,0,0,0,0,0,0,0,0,0,0,0,0,0,0,0,0,0.542880258,0.4287147454,0.1567332994,0,0,0,0,0,0,0
9.6,-0.2809894553,-0.2426255216,0.5500938891,-0.0221535957,0.1319221718,0.2919996164,-1.3920024687,0.0676670253,-0.1772585541,0,-0.3726294223,1.1066894306,-0.3793821705,0.1152931871,0,0,0,0,0,0,0,0,0,0,0,0,0,0,0,0,0,0,0,0,0,0,0,0,0,0,0.5642309979,0.4318728371,0.1690426644,0,0,0,0,0,0,0
9.7,-0.2767036358,-0.2347101687,0.5514284168,-0.0154905851,0.1209761686,0.3040752682,-1.380012113,0.0791889983,-0.1707136027,0,-0.3846406133,1.1032592768,-0.3766614359,0.1110503054,0,0,0,0,0,0,0,0,0,0,0,0,0,0,0,0,0,0,0,0,0,0,0,0,0,0,0.5862685065,0.4378930838,0.1828845846,0,0,0,0,0,0,0
9.8,-0.2827734198,-0.2358354227,0.5520319018,-0.0095630775,0.1209727957,0.3077038628,-1.3639842583,0.0928592902,-0.1632393245,0,-0.3899146695,1.1013876397,-0.3743246144,0.1077129068,0,0,0,0,0,0,0,0,0,0,0,0,0,0,0,0,0,0,0,0,0,0,0,0,0,0,0.608091954,0.447536319,0.1975792849,0,0,0,0,0,0,0
9.9,-0.2992942925,-0.2469058248,0.5524811985,-0.0048994666,0.1323621387,0.3024202616,-1.3460174353,0.1065112852,-0.1559664979,0,-0.3877735895,1.1013541283,-0.3724598272,0.1053173269,0,0,0,0,0,0,0,0,0,0,0,0,0,0,0,0,0,0,0,0,0,0,0,0,0,0,0.6288405442,0.460841799,0.2123248632,0,0,0,0,0,0,0
10,-0.3252262345,-0.2659566998,0.5533229361,-0.0017872819,0.1543739872,0.2883727041,-1.3285686319,0.1182606769,-0.1498440404,0,-0.3781752324,1.1030454484,-0.3710923051,0.1038652632,0,0,0,0,0,0,0,0,0,0,0,0,0,0,0,0,0,0,0,0,0,0,0,0,0,0,0.6477714106,0.4771089106,0.2263143045,0,0,0,0,0,0,0
10.1,-0.3586462261,-0.2887280444,0.5550156985,-0.0002288491,0.1851693417,0.2667876235,-1.3138904959,0.1269121777,-0.1454164851,0,-0.3618579748,1.1060122136,-0.3701565747,0.1032890134,0,0,0,0,0,0,0,0,0,0,0,0,0,0,0,0,0,0,0,0,0,0,0,0,0,0,0.6643337166,0.4950109246,0.2388601857,0,0,0,0,0,0,0
10.2,-0.3971168982,-0.3100482258,0.5578939461,6.18538311562679E-05,0.2221198353,0.2405679548,-1.3036086556,0.1320723267,-0.1427564865,0,-0.3403982374,1.1096098829,-0.3694917034,0.1033918531,0,0,0,0,0,0,0,0,0,0,0,0,0,0,0,0,0,0,0,0,0,0,0,0,0,0,0.6782304145,0.5128234773,0.2495081498,0,0,0,0,0,0,0
10.3,-0.4380825799,-0.3255604374,0.5621556194,-0.0003802371,0.2621720428,0.2142217155,-1.2984989228,0.1340083094,-0.1415419353,0,-0.3160520016,1.113167787,-0.3688577932,0.1038123079,0,0,0,0,0,0,0,0,0,0,0,0,0,0,0,0,0,0,0,0,0,0,0,0,0,0,0.6894586541,0.5287302947,0.258120432,0,0,0,0,0,0,0
10.4,-0.4792019204,-0.3329500996,0.5678704251,-0.0008485796,0.3022429301,0.1928467786,-1.2984181492,0.1334140757,-0.1411969893,0,-0.291358289,1.1161266976,-0.3679649278,0.1040510354,0,0,0,0,0,0,0,0,0,0,0,0,0,0,0,0,0,0,0,0,0,0,0,0,0,0,0.6983206424,0.5411543315,0.2649138436,0,0,0,0,0,0,0
10.5,-0.5185543735,-0.3319549525,0.5750018663,-0.0005699939,0.3395899295,0.180685088,-1.3023222015,0.1312653432,-0.1410007477,0,-0.2686326136,1.1180983492,-0.3665262805,0.1035855481,0,0,0,0,0,0,0,0,0,0,0,0,0,0,0,0,0,0,0,0,0,0,0,0,0,0,0.7053989935,0.549056491,0.2704423641,0,0,0,0,0,0,0
10.6,-0.5547223009,-0.3233000601,0.5834338815,0.0011770408,0.3721045958,0.1800160456,-1.3083618802,0.1288114079,-0.1401293614,0,-0.2495299239,1.1188610723,-0.3643067453,0.1020131346,0,0,0,0,0,0,0,0,0,0,0,0,0,0,0,0,0,0,0,0,0,0,0,0,0,0,0.7114942158,0.5521476353,0.2755221725,0,0,0,0,0,0,0
10.7,-0.5868073003,-0.3075420296,0.5929928877,0.0049472213,0.3984915973,0.190720901,-1.3140819072,0.1275913222,-0.1376837972,0,-0.2348249354,1.1183265436,-0.36117458,0.0991762022,0,0,0,0,0,0,0,0,0,0,0,0,0,0,0,0,0,0,0,0,0,0,0,0,0,0,0.7175266453,0.5509723676,0.2811055147,0,0,0,0,0,0,0
10.8,-0.6144177341,-0.2847867412,0.603458049,0.0110326508,0.4183129424,0.2103651358,-1.3167289656,0.1293153686,-0.1327720293,0,-0.2244319865,1.1165222826,-0.35714384,0.0952160317,0,0,0,0,0,0,0,0,0,0,0,0,0,0,0,0,0,0,0,0,0,0,0,0,0,0,0.7244102903,0.5468432251,0.2881180345,0,0,0,0,0,0,0
10.9,-0.6376084466,-0.2555139498,0.6145562756,0.0194002237,0.431898082,0.2346549432,-1.3136779742,0.1354670791,-0.124732462,0,-0.2176230886,1.1136168267,-0.3523987396,0.0905301998,0,0,0,0,0,0,0,0,0,0,0,0,0,0,0,0,0,0,0,0,0,0,0,0,0,0,0.732910993,0.5416283889,0.2972808367,0,0,0,0,0,0,0
11,-0.6567391526,-0.2218562572,0.625943038,0.0296714552,0.4401407545,0.2583934434,-1.302965819,0.1466968488,-0.1134445871,0,-0.2133449144,1.1099617158,-0.3472928204,0.0856529365,0,0,0,0,0,0,0,0,0,0,0,0,0,0,0,0,0,0,0,0,0,0,0,0,0,0,0.7435052387,0.5374209185,0.3089425161,0,0,0,0,0,0,0
11.1,-0.6722393341,-0.188218525,0.6371745883,0.0411482509,0.4442201523,0.2769885224,-1.2839087037,0.1622195603,-0.0996348818,0,-0.2105450829,1.1061060782,-0.3423252112,0.081123532,0,0,0,0,0,0,0,0,0,0,0,0,0,0,0,0,0,0,0,0,0,0,0,0,0,0,0.7562581259,0.5361388175,0.3229469461,0,0,0,0,0,0,0
11.2,-0.684329009,-0.1604818174,0.6476806819,0.0528818059,0.4452947296,0.2878993865,-1.2575703624,0.179585792,-0.0849818116,0,-0.2084655292,1.1027364729,-0.3380875129,0.0773914946,0,0,0,0,0,0,0,0,0,0,0,0,0,0,0,0,0,0,0,0,0,0,0,0,0,0,0.7707388835,0.5391193561,0.3385594721,0,0,0,0,0,0,0
11.3,-0.6927997924,-0.1440718382,0.6567485717,0.063775909,0.4442202049,0.2909866626,-1.2267281569,0.1951420184,-0.071874049,0,-0.2068585115,1.1005395039,-0.3351882104,0.0748017036,0,0,0,0,0,0,0,0,0,0,0,0,0,0,0,0,0,0,0,0,0,0,0,0,0,0,0.7859896224,0.546775491,0.3544675698,0,0,0,0,0,0,0
11.4,-0.6969559387,-0.1419948809,0.6635284743,0.0727112429,0.4413386216,0.2874221945,-1.195190742,0.2052772874,-0.0627638409,0,-0.2061145024,1.1000145485,-0.3341715441,0.0736453673,0,0,0,0,0,0,0,0,0,0,0,0,0,0,0,0,0,0,0,0,0,0,0,0,0,0,0.8005578194,0.5583758795,0.3688627369,0,0,0,0,0,0,0
11.5,-0.6957432262,-0.1537840466,0.667067808,0.0786744635,0.4363734999,0.2781416873,-1.1668723461,0.2080168905,-0.059296684,0,-0.2072605068,1.1013079085,-0.3354338275,0.0742234314,0,0,0,0,0,0,0,0,0,0,0,0,0,0,0,0,0,0,0,0,0,0,0,0,0,0,0.8125958267,0.5719935265,0.3795995943,0,0,0,0,0,0,0
11.6,-0.6879906843,-0.1755679228,0.6663767008,0.0808753023,0.4284489783,0.263256622,-1.1451949345,0.2041102432,-0.061596257,0,-0.2118180256,1.1041350508,-0.3391549677,0.0768619167,0,0,0,0,0,0,0,0,0,0,0,0,0,0,0,0,0,0,0,0,0,0,0,0,0,0,0.820022292,0.5846437662,0.3844173088,0,0,0,0,0,0,0
11.7,-0.6726107697,-0.2010279084,0.6605213346,0.0788367052,0.4162310232,0.2428999686,-1.1331615524,0.1967162947,-0.068202586,0,-0.2215154178,1.1078173847,-0.3452600598,0.0818445329,0,0,0,0,0,0,0,0,0,0,0,0,0,0,0,0,0,0,0,0,0,0,0,0,0,0,0.8207318275,0.5926036377,0.3811990447,0,0,0,0,0,0,0
11.8,-0.648647949,-0.222994757,0.6487356639,0.0724468305,0.3981692921,0.2186680312,-1.1337607059,0.1895547759,-0.0769022469,0,-0.2379027222,1.1114593729,-0.3534036038,0.0892667629,0,0,0,0,0,0,0,0,0,0,0,0,0,0,0,0,0,0,0,0,0,0,0,0,0,0,0.8128317601,0.5918760856,0.3682385785,0,0,0,0,0,0,0
11.9,-0.6151621788,-0.2353674235,0.6305370574,0.0619669944,0.372802007,0.1942858494,-1.1501793052,0.184175206,-0.0862439336,0,-0.2618922155,1.1142038018,-0.3630020246,0.0988873658,0,0,0,0,0,0,0,0,0,0,0,0,0,0,0,0,0,0,0,0,0,0,0,0,0,0,0.7948794567,0.5787382705,0.3444804938,0,0,0,0,0,0,0
12,-0.5711163414,-0.2346045904,0.6058284448,0.0479956295,0.3390756727,0.1748161614,-1.1858171493,0.1772628874,-0.0971572015,0,-0.2932560137,1.1154944539,-0.3732890763,0.1100390782,0,0,0,0,0,0,0,0,0,0,0,0,0,0,0,0,0,0,0,0,0,0,0,0,0,0,0.766091448,0.5502974702,0.3097020433,0,0,0,0,0,0,0
12.1,-0.5154832247,-0.2199449328,0.5749693254,0.0313941249,0.2966282373,0.1648917061,-1.2443703237,0.158989177,-0.113863028,0,-0.3301114948,1.1152251332,-0.3834030189,0.1216668307,0,0,0,0,0,0,0,0,0,0,0,0,0,0,0,0,0,0,0,0,0,0,0,0,0,0,0.7264969115,0.5049732998,0.2646107504,0,0,0,0,0,0,0
12.2,-0.447671051,-0.1922997956,0.5388007573,0.0131852671,0.245988825,0.1670354855,-1.3288729337,0.1139109721,-0.1432941455,0,-0.3685327002,1.1137222588,-0.3924795828,0.1324857478,0,0,0,0,0,0,0,0,0,0,0,0,0,0,0,0,0,0,0,0,0,0,0,0,0,0,0.6770130808,0.4428323197,0.2108414629,0,0,0,0,0,0,0
12.3,-0.3681968225,-0.1527988808,0.4986149711,-0.0055617864,0.1886588019,0.1808107026,-1.4303219317,0.0262055599,-0.1926251267,0,-0.4025570702,1.1115850501,-0.399742066,0.1412187274,0,0,0,0,0,0,0,0,0,0,0,0,0,0,0,0,0,0,0,0,0,0,0,0,0,0,0.6194283884,0.3657197771,0.1508486774,0,0,0,0,0,0,0
12.4,-0.2793175791,-0.1021611868,0.4560678041,-0.0238448735,0.1270559434,0.2029144763,-1.4368682013,-0.1117525273,-0.265875256,0,-0.4249583253,1.1094686313,-0.4045766916,0.1468386464,0,0,0,0,0,0,0,0,0,0,0,0,0,0,0,0,0,0,0,0,0,0,0,0,0,0,0.5562896993,0.2771607149,0.0877029719,0,0,0,0,0,0,0
12.5,-0.1853071554,-0.0412877896,0.4130406214,-0.0408263471,0.0643233358,0.2280410873,-1.2729486061,-0.2963992268,-0.3651063693,0,-0.4290676716,1.1078951636,-0.4065908497,0.1487493813,0,0,0,0,0,0,0,0,0,0,0,0,0,0,0,0,0,0,0,0,0,0,0,0,0,0,0.4907015858,0.182035077,0.0248126068,0,0,0,0,0,0,0
12.6,-0.0921424863,0.0275537669,0.3714664471,-0.055903411,0.0040244594,0.250406695,-1.0380960575,-0.5325577947,-0.5099263729,0,-0.4113265032,1.1071450855,-0.4056469261,0.1468677415,0,0,0,0,0,0,0,0,0,0,0,0,0,0,0,0,0,0,0,0,0,0,0,0,0,0,0.4260567216,0.086064004,-0.0343988649,0,0,0,0,0,0,0
12.7,-0.0064678954,0.1000419428,0.333141355,-0.068744227,-0.0502372656,0.2657007118,-0.705096465,-0.8607531279,-0.7620955704,0,-0.3732683899,1.1072364992,-0.4018699078,0.1415930347,0,0,0,0,0,0,0,0,0,0,0,0,0,0,0,0,0,0,0,0,0,0,0,0,0,0,0.3657256704,-0.0048275942,-0.0868221205,0,0,0,0,0,0,0
12.8,0.0660114536,0.1702924694,0.2995456302,-0.0792877969,-0.0952247537,0.2726849834,-0.2099130184,-1.3114294892,-1.2042492207,0,-0.3214129207,1.1079763607,-0.3956308462,0.1336954887,0,0,0,0,0,0,0,0,0,0,0,0,0,0,0,0,0,0,0,0,0,0,0,0,0,0,0.3127402903,-0.0851881186,-0.1299604773,0,0,0,0,0,0,0
12.9,0.1220156885,0.2322766377,0.2716991287,-0.0877106743,-0.1284452742,0.2734629701,0.3472488797,-1.1440370908,-1.7512654381,0,-0.2649474103,1.1090589515,-0.3875017319,0.1241468495,0,0,0,0,0,0,0,0,0,0,0,0,0,0,0,0,0,0,0,0,0,0,0,0,0,0,0.2695068024,-0.150664818,-0.1621623977,0,0,0,0,0,0,0
13,0.1611525615,0.2813263714,0.2500714572,-0.0943678895,-0.148449439,0.2722104257,0.7026487316,-0.7698655075,-2.1424386616,0,-0.212737082,1.1101704511,-0.3781938287,0.1139522106,0,0,0,0,0,0,0,0,0,0,0,0,0,0,0,0,0,0,0,0,0,0,0,0,0,0,0.2375818809,-0.1984925542,-0.1827611949,0,0,0,0,0,0,0
13.1,0.1851525419,0.3149804343,0.2345604958,-0.0997184697,-0.1550108345,0.2732734717,0.8550691178,-0.5709978651,-2.3566988929,0,-0.1712443569,1.1110744079,-0.3684758157,0.1040057367,0,0,0,0,0,0,0,0,0,0,0,0,0,0,0,0,0,0,0,0,0,0,0,0,0,0,0.2175381609,-0.2277789085,-0.1921063679,0,0,0,0,0,0,0
13.2,0.196647032,0.3330291627,0.2245433594,-0.1042472598,-0.1491620331,0.2797214208,0.9103347959,-0.4734513547,-2.4694480787,0,-0.1438312817,1.1116449118,-0.3590902164,0.0950037861,0,0,0,0,0,0,0,0,0,0,0,0,0,0,0,0,0,0,0,0,0,0,0,0,0,0,0.2089351236,-0.2395468957,-0.1914842716,0,0,0,0,0,0,0
13.3,0.198349317,0.3370530708,0.2189935144,-0.1083942671,-0.1330820437,0.2928080502,0.9300370953,-0.4292863086,-2.522852448,0,-0.131025639,1.1118576392,-0.3506698729,0.0874067446,0,0,0,0,0,0,0,0,0,0,0,0,0,0,0,0,0,0,0,0,0,0,0,0,0,0,0.2103986992,-0.236530472,-0.1829393271,0,0,0,0,0,0,0
13.4,0.1928256712,0.3298272956,0.2166479815,-0.1125006671,-0.1098500828,0.3121848518,0.9368791425,-0.4187776358,-2.5341170868,0,-0.1312081955,1.1117480527,-0.3436762803,0.0814481547,0,0,0,0,0,0,0,0,0,0,0,0,0,0,0,0,0,0,0,0,0,0,0,0,0,0,0.219799746,-0.222752769,-0.1690189405,0,0,0,0,0,0,0
13.5,0.1825837766,0.3147870202,0.2162009178,-0.1167773102,-0.0830980436,0.3365114661,0.9337615715,-0.4369134079,-2.5092961592,0,-0.1413889662,1.111369784,-0.3383580386,0.0771601907,0,0,0,0,0,0,0,0,0,0,0,0,0,0,0,0,0,0,0,0,0,0,0,0,0,0,0.2345095214,-0.2029474768,-0.1524741812,0,0,0,0,0,0,0
13.6,0.1701647684,0.2955991068,0.2164955814,-0.1212976394,-0.0566068026,0.3641096351,0.9131822264,-0.4857839439,-2.4495129864,0,-0.1579473746,1.110769218,-0.3347459742,0.0744162609,0,0,0,0,0,0,0,0,0,0,0,0,0,0,0,0,0,0,0,0,0,0,0,0,0,0,0.2517009429,-0.1819055583,-0.1359529506,0,0,0,0,0,0,0
13.7,0.1580794093,0.2758739928,0.2166865157,-0.1260130197,-0.0338978245,0.3933994756,0.8627032519,-0.5694461776,-2.3543292122,0,-0.1772666133,1.1099858701,-0.3326695307,0.0729654207,0,0,0,0,0,0,0,0,0,0,0,0,0,0,0,0,0,0,0,0,0,0,0,0,0,0,0.2686590893,-0.1638393056,-0.1217222993,0,0,0,0,0,0,0
13.8,0.148581416,0.2590047586,0.2163478534,-0.1307851843,-0.0178706668,0.4230404937,0.7731604089,-0.6880714015,-2.2260909483,0,-0.1961781092,1.1090638698,-0.3318027167,0.0724738844,0,0,0,0,0,0,0,0,0,0,0,0,0,0,0,0,0,0,0,0,0,0,0,0,0,0,0.2830637042,-0.1518522311,-0.1114518202,0,0,0,0,0,0,0
13.9,0.1433684581,0.2480693384,0.2155114182,-0.1354283143,-0.0105292613,0.4518198404,0.6495442758,-0.8310350105,-2.0760587057,0,-0.2121945724,1.108066225,-0.331724817,0.0725659715,0,0,0,0,0,0,0,0,0,0,0,0,0,0,0,0,0,0,0,0,0,0,0,0,0,0,0.2932105518,-0.1475869642,-0.1060813594,0,0,0,0,0,0,0
14,0.1433321193,0.2456651363,0.2146286828,-0.13975246,-0.0128265488,0.4784225606,0.5146345854,-0.9747063746,-1.9268492466,0,-0.2235826132,1.1070837467,-0.33198306,0.0728675329,0,0,0,0,0,0,0,0,0,0,0,0,0,0,0,0,0,0,0,0,0,0,0,0,0,0,0.2981467663,-0.1510966658,-0.1057848833,0,0,0,0,0,0,0
14.1,0.1484597245,0.2536390551,0.214462083,-0.1436006295,-0.0246402068,0.5011813789,0.3978675688,-1.0919756292,-1.8041988274,0,-0.2293824888,1.1062202661,-0.3321581334,0.0730478788,0,0,0,0,0,0,0,0,0,0,0,0,0,0,0,0,0,0,0,0,0,0,0,0,0,0,0.2977067339,-0.1609524492,-0.1100297768,0,0,0,0,0,0,0
14.2,0.1579197631,0.2727561884,0.2159219814,-0.1468737238,-0.0448743587,0.5179729309,0.3198152218,-1.1663886353,-1.7246635214,0,-0.2294432048,1.1055769456,-0.3319122642,0.0728556735,0,0,0,0,0,0,0,0,0,0,0,0,0,0,0,0,0,0,0,0,0,0,0,0,0,0,0.2924480134,-0.1745648374,-0.1177188122,0,0,0,0,0,0,0
14.3,0.1703118864,0.3024347363,0.2198740501,-0.1495402058,-0.0716658351,0.5264006138,0.2873940949,-1.1958111594,-1.6924005232,0,-0.224449038,1.1052243808,-0.3310251486,0.0721413305,0,0,0,0,0,0,0,0,0,0,0,0,0,0,0,0,0,0,0,0,0,0,0,0,0,0,0.2834996111,-0.1886664755,-0.1273920956,0,0,0,0,0,0,0
14.4,0.184000526,0.3406459321,0.2269466937,-0.1516304409,-0.1026610342,0.5243265867,0.2982800367,-1.185175674,-1.7038879354,0,-0.2158577076,1.1051875207,-0.3294067147,0.0708655182,0,0,0,0,0,0,0,0,0,0,0,0,0,0,0,0,0,0,0,0,0,0,0,0,0,0,0.2723458884,-0.1998807001,-0.1374597072,0,0,0,0,0,0,0
14.5,0.1974448309,0.3840537065,0.2373685751,-0.1532185086,-0.1353223269,0.5106138983,0.3456419107,-1.140054459,-1.7524124615,0,-0.2056687842,1.1054325146,-0.3270922495,0.0690870301,0,0,0,0,0,0,0,0,0,0,0,0,0,0,0,0,0,0,0,0,0,0,0,0,0,0,0.2605770549,-0.2052893884,-0.1464332736,0,0,0,0,0,0,0
14.6,0.2094239448,0.4284315454,0.2508622206,-0.1543964541,-0.1672220233,0.4857555402,0.4200230495,-1.0669587654,-1.8294951293,0,-0.1960495506,1.1058736827,-0.3242191854,0.0669412172,0,0,0,0,0,0,0,0,0,0,0,0,0,0,0,0,0,0,0,0,0,0,0,0,0,0,0.2496406383,-0.2029153148,-0.1531265092,0,0,0,0,0,0,0
14.7,0.219137521,0.469359932,0.2666116538,-0.1552470979,-0.1962869995,0.4520567906,0.5097974347,-0.9754128483,-1.9247825005,0,-0.1888976901,1.1063873754,-0.3209934554,0.0646080009,0,0,0,0,0,0,0,0,0,0,0,0,0,0,0,0,0,0,0,0,0,0,0,0,0,0,0.2406271255,-0.1920485861,-0.1568004424,0,0,0,0,0,0,0
14.8,0.2262027009,0.5031279574,0.2833112113,-0.1558214674,-0.2209671159,0.4132421714,0.6022733293,-0.8773944077,-2.0264995415,0,-0.185479658,1.1068326965,-0.3176487655,0.0622768902,0,0,0,0,0,0,0,0,0,0,0,0,0,0,0,0,0,0,0,0,0,0,0,0,0,0,0.2341174076,-0.1733713044,-0.1572376716,0,0,0,0,0,0,0
14.9,0.2306095745,0.5275768192,0.2992907541,-0.1561257289,-0.2403137947,0.3736422499,0.686095156,-0.7846852601,-2.1232123696,0,-0.1862276834,1.1070768521,-0.3144086202,0.0601170083,0,0,0,0,0,0,0,0,0,0,0,0,0,0,0,0,0,0,0,0,0,0,0,0,0,0,0.2301105659,-0.148865592,-0.1547402904,0,0,0,0,0,0,0
15,0.2326731952,0.5424948799,0.3127011906,-0.1561204159,-0.2539694111,0.3373070886,0.7537159005,-0.7062432609,-2.205922563,0,-0.1907210959,1.1070173702,-0.3114532045,0.0582533282,0,0,0,0,0,0,0,0,0,0,0,0,0,0,0,0,0,0,0,0,0,0,0,0,0,0,0.2280392194,-0.1215227659,-0.1500566026,0,0,0,0,0,0,0
15.1,0.2329717283,0.5493016452,0.3217352744,-0.155732186,-0.2620812774,0.3073473158,0.8021504578,-0.6472170709,-2.2689980687,0,-0.1978217069,1.1066004702,-0.3088981087,0.0567514885,0,0,0,0,0,0,0,0,0,0,0,0,0,0,0,0,0,0,0,0,0,0,0,0,0,0,0.2268676839,-0.0949008379,-0.1442509925,0,0,0,0,0,0,0
15.2,0.2322557474,0.5501831965,0.3248533764,-0.1548757575,-0.2651640268,0.2856397489,0.8317583239,-0.6095988379,-2.3097516239,0,-0.2059077533,1.1058306213,-0.3067880733,0.0556180679,0,0,0,0,0,0,0,0,0,0,0,0,0,0,0,0,0,0,0,0,0,0,0,0,0,0,0.2252572116,-0.0725992671,-0.1385381104,0,0,0,0,0,0,0
15.3,0.2313180413,0.5471458446,0.3209831235,-0.1534815664,-0.263939754,0.2728430377,0.8442252504,-0.5934883058,-2.3274874779,0,-0.2131468755,1.1047708653,-0.3051014711,0.0548059286,0,0,0,0,0,0,0,0,0,0,0,0,0,0,0,0,0,0,0,0,0,0,0,0,0,0,0.221774019,-0.0577308644,-0.1341060755,0,0,0,0,0,0,0
15.4,0.2308446155,0.5413972983,0.3096655524,-0.151523421,-0.2591857348,0.2685671328,0.841009262,-0.5980721505,-2.3227558395,0,-0.2177727648,1.103534817,-0.3037678642,0.054231439,0,0,0,0,0,0,0,0,0,0,0,0,0,0,0,0,0,0,0,0,0,0,0,0,0,0,0.2151107718,-0.0524694713,-0.13195336,0,0,0,0,0,0,0
15.5,0.2312818498,0.5332152957,0.2911281255,-0.1490402487,-0.2516151288,0.2715810582,0.8228638416,-0.6219533553,-2.2971021414,0,-0.218344294,1.1022702223,-0.3026913186,0.0537939648,0,0,0,0,0,0,0,0,0,0,0,0,0,0,0,0,0,0,0,0,0,0,0,0,0,0,0.2042912244,-0.0577389478,-0.1327606076,0,0,0,0,0,0,0
15.6,0.2327660414,0.522224092,0.2662754134,-0.1461469719,-0.2418077437,0.2799961755,0.7904182252,-0.6628667681,-2.2532609172,0,-0.2139733733,1.1011353368,-0.3017777118,0.0534005369,0,0,0,0,0,0,0,0,0,0,0,0,0,0,0,0,0,0,0,0,0,0,0,0,0,0,0.1888308168,-0.0730863242,-0.1368125017,0,0,0,0,0,0,0
15.7,0.2351373416,0.5078826445,0.2365998397,-0.1430314414,-0.2301972592,0.2914698408,0.7454406843,-0.7170248161,-2.1956147981,0,-0.2045052352,1.1002757839,-0.3009552504,0.0529811681,0,0,0,0,0,0,0,0,0,0,0,0,0,0,0,0,0,0,0,0,0,0,0,0,0,0,0.1688326396,-0.0967533594,-0.1439769594,0,0,0,0,0,0,0
15.8,0.2380306432,0.4900153372,0.2040258571,-0.1399368821,-0.2171101558,0.3034655244,0.6920928839,-0.7785230099,-2.1305909237,0,-0.190609918,1.0997999958,-0.3001915371,0.0525045579,0,0,0,0,0,0,0,0,0,0,0,0,0,0,0,0,0,0,0,0,0,0,0,0,0,0,0.1450072724,-0.1259306985,-0.1537405784,0,0,0,0,0,0,0
15.9,0.2409977619,0.4692056078,0.1707096382,-0.1371320047,-0.2028418452,0.3135787061,0.6373022116,-0.8394031401,-2.0664947615,0,-0.1737467726,1.0997618668,-0.2994993308,0.0519830319,0,0,0,0,0,0,0,0,0,0,0,0,0,0,0,0,0,0,0,0,0,0,0,0,0,0,0.1186152608,-0.1571519867,-0.1652916169,0,0,0,0,0,0,0
16,0.2435950209,0.4469385099,0.1388215661,-0.1348733332,-0.1877487625,0.3199216498,0.589802372,-0.8907016616,-2.012513152,0,-0.1559693972,1.1001513496,-0.2989316368,0.0514683136,0,0,0,0,0,0,0,0,0,0,0,0,0,0,0,0,0,0,0,0,0,0,0,0,0,0,0.0913409938,-0.1867657049,-0.1776358847,0,0,0,0,0,0,0
16.1,0.2453998845,0.4254274949,0.1103398112,-0.1333659532,-0.1723324994,0.3214518301,0.558302342,-0.9240567068,-1.9772363876,0,-0.139598638,1.1008946756,-0.2985681618,0.0510412591,0,0,0,0,0,0,0,0,0,0,0,0,0,0,0,0,0,0,0,0,0,0,0,0,0,0,0.0651151655,-0.2114130079,-0.1897274895,0,0,0,0,0,0,0
16.2,0.2459762609,0.407125157,0.0868800754,-0.1327294923,-0.1572937956,0.3181264256,0.5496469069,-0.9331157374,-1.9673115852,0,-0.1268290306,1.1018658878,-0.2984943441,0.0507915503,0,0,0,0,0,0,0,0,0,0,0,0,0,0,0,0,0,0,0,0,0,0,0,0,0,0,0.0419087903,-0.2284416702,-0.2005957584,0,0,0,0,0,0,0
16.3,0.244866712,0.3940191731,0.0695798284,-0.1329755564,-0.1435399855,0.3107418099,0.5675246464,-0.9142979732,-1.9865838167,0,-0.1193621245,1.1029074086,-0.2987781142,0.0507971263,0,0,0,0,0,0,0,0,0,0,0,0,0,0,0,0,0,0,0,0,0,0,0,0,0,0,0.0235242814,-0.2361987914,-0.2094517262,0,0,0,0,0,0,0
16.4,0.2416617917,0.3869505749,0.0590462517,-0.1340011483,-0.1321382615,0.3004483603,0.6114898842,-0.8674164916,-2.0353813168,0,-0.1181715854,1.1038534748,-0.2994508861,0.0511062153,0,0,0,0,0,0,0,0,0,0,0,0,0,0,0,0,0,0,0,0,0,0,0,0,0,0,0.0114082301,-0.2341659299,-0.2157618741,0,0,0,0,0,0,0
16.5,0.2361320811,0.3852818511,0.0553671861,-0.1356000434,-0.1242173561,0.2881491671,0.6762268737,-0.7964824486,-2.1097950977,0,-0.1234391157,1.1045606888,-0.3004880676,0.0517178061,0,0,0,0,0,0,0,0,0,0,0,0,0,0,0,0,0,0,0,0,0,0,0,0,0,0,0.0065065792,-0.2229262646,-0.2192825094,0,0,0,0,0,0,0
16.6,0.228342647,0.3870853903,0.0581752864,-0.1374911131,-0.1208301975,0.2741364875,0.7518485011,-0.7098617508,-2.2016709595,0,-0.1346512779,1.1049287423,-0.301808077,0.0525802541,0,0,0,0,0,0,0,0,0,0,0,0,0,0,0,0,0,0,0,0,0,0,0,0,0,0,0.0091765845,-0.2039799751,-0.2200543692,0,0,0,0,0,0,0
16.7,0.2186828145,-0.3897726169,0.0667487494,-0.1393596701,-0.122798068,-0.2581965894,0.826294993,-0.6185326087,-2.3003011305,0,-0.1507798328,1.1049175867,-0.3032755015,0.0535937825,0,0,0,0,0,0,0,0,0,0,0,0,0,0,0,0,0,0,0,0,0,0,0,0,0,0,0.0191623121,-0.1794470134,-0.2183627281,0,0,0,0,0,0,0
16.8,0.2077991189,-0.3908492666,0.0801284336,-0.1409055635,-0.1305614505,-0.2400910865,0.8894389148,-0.5326965347,-2.395557609,0,-0.1704673889,1.104552034,-0.304715475,0.0546231941,0,0,0,0,0,0,0,0,0,0,0,0,0,0,0,0,0,0,0,0,0,0,0,0,0,0,0.0356325345,-0.1517122089,-0.2146726862,0,0,0,0,0,0,0
16.9,0.1964706638,-0.3885697108,0.0972313455,-0.1418903889,-0.1440632543,-0.2201020102,0.9363681191,-0.4589489818,-2.4804759625,0,-0.1921721867,1.1039152854,-0.3059398593,0.0555218487,0,0,0,0,0,0,0,0,0,0,0,0,0,0,0,0,0,0,0,0,0,0,0,0,0,0,0.0572728224,-0.1230738451,-0.2095518306,0,0,0,0,0,0,0
17,0.1854749844,-0.3823645847,0.1169441256,-0.1421760591,-0.1626863674,-0.1993136431,0.9676908887,-0.3996568052,-2.5518308365,0,-0.2142638249,1.1031315757,-0.306774546,0.0561541747,0,0,0,0,0,0,0,0,0,0,0,0,0,0,0,0,0,0,0,0,0,0,0,0,0,0,0.0824182374,-0.0954527171,-0.2035928666,0,0,0,0,0,0,0
17.1,0.1754804183,-0.3729571843,0.1381864839,-0.1417481561,-0.1852600287,-0.179430858,0.9873245012,-0.3541016088,-2.6091830758,0,-0.2350999214,1.1023430001,-0.3070920173,0.0564223051,0,0,0,0,0,0,0,0,0,0,0,0,0,0,0,0,0,0,0,0,0,0,0,0,0,0,0.1092098418,-0.0702051701,-0.1973472201,0,0,0,0,0,0,0
17.2,0.166975111,-0.3620431576,0.1599422415,-0.140719797,-0.2101395188,-0.1621562993,0.9998454026,-0.3200590326,-2.6536229786,0,-0.2531091826,1.1016869131,-0.3068331105,0.0562805334,0,0,0,0,0,0,0,0,0,0,0,0,0,0,0,0,0,0,0,0,0,0,0,0,0,0,0.1357574472,-0.0480632247,-0.1912774269,0,0,0,0,0,0,0
17.3,0.1602342468,0.3515077914,0.1812632127,-0.1393148264,-0.2353527031,0.1484550619,1.0088802849,-0.2949597417,-2.6869191502,0,-0.2669085128,1.1012723009,-0.30602734,0.0557493243,0,0,0,0,0,0,0,0,0,0,0,0,0,0,0,0,0,0,0,0,0,0,0,0,0,0,0.1602924191,-0.0292012051,-0.1857320122,0,0,0,0,0,0,0
17.4,0.1553381596,0.3425141619,0.2012571526,-0.1378325154,-0.2587967373,0.1382010447,1.0166421498,-0.2764725419,-2.7111168981,0,-0.275453132,1.1011684585,-0.3047977869,0.0549149892,0,0,0,0,0,0,0,0,0,0,0,0,0,0,0,0,0,0,0,0,0,0,0,0,0,0,0.1812974755,-0.0134054009,-0.1809422713,0,0,0,0,0,0,0
17.5,0.1522352667,0.3350802655,0.2190742236,-0.1365990357,-0.278460373,0.1304323325,1.0240962205,-0.262668927,-2.7283808399,0,-0.278192358,1.1013955891,-0.303353626,0.053921497,0,0,0,0,0,0,0,0,0,0,0,0,0,0,0,0,0,0,0,0,0,0,0,0,0,0,0.1976045861,-0.0003051447,-0.177036628,0,0,0,0,0,0,0
17.6,0.1508375276,0.3284953197,0.233906272,-0.1359132757,-0.2926430141,0.1239155073,1.031329857,-0.2519919344,-2.7408891749,0,-0.2751787263,1.1019284416,-0.3019709744,0.0529548486,0,0,0,0,0,0,0,0,0,0,0,0,0,0,0,0,0,0,0,0,0,0,0,0,0,0,0.2084565604,0.0103866389,-0.1740656841,0,0,0,0,0,0,0
17.7,0.1511092466,0.3222787795,0.2450096273,-0.1359956698,-0.3001416338,0.1175960579,1.0379110433,-0.2432045962,-2.7506752267,0,-0.2670795414,1.1027026817,-0.3009625565,0.0522247055,0,0,0,0,0,0,0,0,0,0,0,0,0,0,0,0,0,0,0,0,0,0,0,0,0,0,0.2135320356,0.0186761084,-0.1720300247,0,0,0,0,0,0,0
17.8,0.1531117168,0.3169634814,0.2517558204,-0.1369484148,-0.3003808747,0.1108276209,1.043177315,-0.23540581,-2.7594093298,0,-0.2550691144,1.1036274554,-0.3006389623,0.0519370633,0,0,0,0,0,0,0,0,0,0,0,0,0,0,0,0,0,0,0,0,0,0,0,0,0,0,0.2129368348,0.0241781708,-0.1709034194,0,0,0,0,0,0,0
17.9,0.1569786761,0.3141284007,0.2537067404,-0.1387337677,-0.2934694712,0.1034931339,1.0464353714,-0.2281389675,-2.7681407697,0,-0.2406188613,1.1045963761,-0.301267824,0.0522710445,0,0,0,0,0,0,0,0,0,0,0,0,0,0,0,0,0,0,0,0,0,0,0,0,0,0,0.2071667874,0.0261198472,-0.1706460343,0,0,0,0,0,0,0
18,0.1628355769,0.3156072952,0.2507028937,-0.1411743001,-0.2801763419,0.0960164556,1.0471191231,-0.2215004927,-2.7771025731,0,-0.2252358083,1.1055040212,-0.3030373563,0.0533584797,0,0,0,0,0,0,0,0,0,0,0,0,0,0,0,0,0,0,0,0,0,0,0,0,0,0,0.1970480689,0.0234618337,-0.171205211,0,0,0,0,0,0,0
18.1,0.1707071911,-0.3223688472,0.2429472026,-0.1439754772,-0.2618307507,-0.0890885562,1.044949473,-0.2161189185,-2.7856830118,0,-0.2102146713,1.106257348,-0.306022529,0.0552610587,0,0,0,0,0,0,0,0,0,0,0,0,0,0,0,0,0,0,0,0,0,0,0,0,0,0,0.1836611358,0.0151192723,-0.1725046783,0,0,0,0,0,0,0
18.2,0.1804402416,-0.3338074964,0.2310636149,-0.1467672863,-0.2401611524,-0.0831369689,1.0400913215,-0.2129490763,-2.7925984422,0,-0.1964634732,1.106788965,-0.310168507,0.057961608,0,0,0,0,0,0,0,0,0,0,0,0,0,0,0,0,0,0,0,0,0,0,0,0,0,0,0.1682537558,0.0002421458,-0.1744260862,0,0,0,0,0,0,0
18.3,0.1916725259,-0.3479163394,0.2161106039,-0.1491584691,-0.2170952236,-0.0779503477,1.0332103592,-0.2129544089,-2.7962070255,0,-0.1844434963,1.1070678527,-0.3152828376,0.0613532477,0,0,0,0,0,0,0,0,0,0,0,0,0,0,0,0,0,0,0,0,0,0,0,0,0,0,0.1521478837,-0.0214982504,-0.1767889066,0,0,0,0,0,0,0
18.4,0.203847411,-0.3621834637,0.1995346692,-0.1507947443,-0.1945479904,-0.0728484399,1.0253762734,-0.2168314981,-2.7948509439,0,-0.1742172886,1.1071079443,-0.3210466234,0.0652432356,0,0,0,0,0,0,0,0,0,0,0,0,0,0,0,0,0,0,0,0,0,0,0,0,0,0,0.136644591,-0.0496749843,-0.179335628,0,0,0,0,0,0,0
18.5,0.2162686857,-0.3746786866,0.1830576765,-0.151411612,-0.1742253545,-0.0672926098,1.0178102331,-0.2249029816,-2.7871402936,0,-0.1655815978,1.1069689189,-0.327037492,0.069357291,0,0,0,0,0,0,0,0,0,0,0,0,0,0,0,0,0,0,0,0,0,0,0,0,0,0,0.1229311546,-0.0829757823,-0.1817285826,0,0,0,0,0,0,0
18.6,0.2281804179,-0.3848486989,0.1685030502,-0.150873083,-0.1574667314,-0.0613801998,1.0115668509,-0.2371928454,-2.772161344,0,-0.1582249488,1.106751382,-0.3327661156,0.0733594354,0,0,0,0,0,0,0,0,0,0,0,0,0,0,0,0,0,0,0,0,0,0,0,0,0,0,0.1119948108,-0.1192148634,-0.1835627923,0,0,0,0,0,0,0
18.7,0.2388542806,-0.3937343068,0.1575776721,-0.1491898615,-0.1451436502,-0.0557951374,1.0072177073,-0.2536095476,-2.749613158,0,-0.1518678084,1.1065817215,-0.3377177533,0.0768733766,0,0,0,0,0,0,0,0,0,0,0,0,0,0,0,0,0,0,0,0,0,0,0,0,0,0,0.1045484374,-0.1555002241,-0.1843962283,0,0,0,0,0,0,0
18.8,0.2476691567,-0.4034128239,0.1516367623,-0.1465138133,-0.1376221743,-0.0512538286,1.0045878222,-0.2740987123,-2.7198808287,0,-0.1463464352,1.1065837961,-0.3414010641,0.0795179954,0,0,0,0,0,0,0,0,0,0,0,0,0,0,0,0,0,0,0,0,0,0,0,0,0,0,0.1009742106,-0.1885434793,-0.1837953823,0,0,0,0,0,0,0
18.9,0.2541728857,0.4157498218,0.1514660475,-0.1431094343,-0.1347873698,0.0479766936,1.0026674875,-0.2985681435,-2.6841265594,0,-0.1416403174,1.1068482285,-0.3433923038,0.0809486788,0,0,0,0,0,0,0,0,0,0,0,0,0,0,0,0,0,0,0,0,0,0,0,0,0,0,0.1012916808,-0.2150732314,-0.1813906817,0,0,0,0,0,0,0
19,0.2581338544,0.4310746142,0.1571175608,-0.1393068722,-0.1361192806,0.0457019296,0.9999440117,-0.3264009258,-2.6445376046,0,-0.1378473948,1.1073978308,-0.3433766249,0.0809049447,0,0,0,0,0,0,0,0,0,0,0,0,0,0,0,0,0,0,0,0,0,0,0,0,0,0,0.1051562898,-0.2322919761,-0.1769336581,0,0,0,0,0,0,0
19.1,0.2595720198,0.4476468955,0.167831617,-0.135444206,-0.1408033135,0.0441960888,0.995393356,-0.3555328179,-2.6048365306,0,-0.1351316347,1.1081583732,-0.3411813371,0.0792552746,0,0,0,0,0,0,0,0,0,0,0,0,0,0,0,0,0,0,0,0,0,0,0,0,0,0,0.1118927844,-0.2383045624,-0.1703464216,0,0,0,0,0,0,0
19.2,0.2587582917,0.462270003,0.1820679047,-0.1318086134,-0.1478545282,0.0436577059,0.9899272037,-0.3815222402,-2.5708165119,0,-0.133660514,1.1089502285,-0.336796126,0.0760309438,0,0,0,0,0,0,0,0,0,0,0,0,0,0,0,0,0,0,0,0,0,0,0,0,0,0,0.1205651532,-0.2324456793,-0.1617542001,0,0,0,0,0,0,0
19.3,0.2561689318,0.4715958943,0.1976542566,-0.1285864083,-0.1562354557,0.0446049053,0.9870704196,-0.3975936645,-2.5501202881,0,-0.1335588823,1.1095047397,-0.3303852622,0.0714428249,0,0,0,0,0,0,0,0,0,0,0,0,0,0,0,0,0,0,0,0,0,0,0,0,0,0,0.130080736,-0.215445395,-0.1514935239,0,0,0,0,0,0,0
19.4,0.2524005417,0.4733288322,0.2120443843,-0.1258306195,-0.1649505558,0.047417993,0.9912313847,-0.3967285174,-2.5502585062,0,-0.1348769868,1.1095111363,-0.3222890031,0.0658705598,0,0,0,0,0,0,0,0,0,0,0,0,0,0,0,0,0,0,0,0,0,0,0,0,0,0,0.1393214648,-0.1893941111,-0.1400918494,0,0,0,0,0,0,0
19.5,0.2480649241,0.4668564192,0.2226582061,-0.1234519741,-0.1731065164,0.051965992,1.0036157302,-0.3756165029,-2.5749449442,0,-0.1375773479,1.1086961335,-0.313006761,0.0598132623,0,0,0,0,0,0,0,0,0,0,0,0,0,0,0,0,0,0,0,0,0,0,0,0,0,0,0.1472904087,-0.1574982947,-0.1282185591,0,0,0,0,0,0,0
19.6,0.2436935126,0.4532367759,0.2272631247,-0.1212352952,-0.1799351437,0.0575543829,1.0191822726,-0.3378640873,-2.6211236249,0,-0.1415266486,1.1069164574,-0.3031726171,0.0538204883,0,0,0,0,0,0,0,0,0,0,0,0,0,0,0,0,0,0,0,0,0,0,0,0,0,0,0.1532577345,-0.1236514735,-0.1166117159,0,0,0,0,0,0,0
19.7,0.2396571615,0.4347242787,0.2243443301,-0.1188790275,-0.1847832306,0.0631641505,1.0289422758,-0.2930977365,-2.6797858732,0,-0.1464941269,1.1042359202,-0.2935154573,0.0484028696,0,0,0,0,0,0,0,0,0,0,0,0,0,0,0,0,0,0,0,0,0,0,0,0,0,0,0.1568876581,-0.0918760286,-0.1059889849,0,0,0,0,0,0,0
19.8,0.2360882319,0.4140499946,0.213408924,-0.1160515812,-0.1870801569,0.0678335996,1.0267197523,-0.2519753868,-2.7403842396,0,-0.1521754501,1.1009582637,-0.28481133,0.0439609499,0,0,0,0,0,0,0,0,0,0,0,0,0,0,0,0,0,0,0,0,0,0,0,0,0,0,0.1583276594,-0.0657151647,-0.0969541126,0,0,0,0,0,0,0
19.9,0.2328137718,0.393718991,0.1951734463,-0.11245512,-0.1862979754,0.0709898558,1.0134054747,-0.2213772273,-2.79469435,0,-0.1582351565,1.0975959352,-0.2778235765,0.0407405973,0,0,0,0,0,0,0,0,0,0,0,0,0,0,0,0,0,0,0,0,0,0,0,0,0,0,0.1582435855,-0.047666938,-0.0899117583,0,0,0,0,0,0,0
20,0.2293087185,0.3754971081,0.1715971314,-0.1078858508,-0.1819196852,0.0725733056,0.9950579124,-0.2031457399,-2.837317178,0,-0.1643782423,1.0947759108,-0.2732444862,0.0388462533,0,0,0,0,0,0,0,0,0,0,0,0,0,0,0,0,0,0,0,0,0,0,0,0,0,0,0.1577893366,-0.0387508159,-0.0850030256,0,0,0,0,0,0,0
20.1,0.2247031505,0.3601618365,0.1457425757,-0.1022801178,-0.1734291563,0.0729696229,0.9787437604,-0.1958783057,-2.8639730237,0,-0.1704321293,1.0931025661,-0.271636783,0.0383004926,0,0,0,0,0,0,0,0,0,0,0,0,0,0,0,0,0,0,0,0,0,0,0,0,0,0,0.1585072362,-0.0382815242,-0.0820717517,0,0,0,0,0,0,0
20.2,0.2178615439,0.347426872,0.1214690392,-0.0957376781,-0.1603311638,0.0728826242,0.9701779404,-0.1975236368,-2.8701180016,0,-0.1764036933,1.0930201339,-0.2733808487,0.0391354269,0,0,0,0,0,0,0,0,0,0,0,0,0,0,0,0,0,0,0,0,0,0,0,0,0,0,0.1621641464,-0.0438966999,-0.0806677608,0,0,0,0,0,0,0
20.3,0.2075089185,0.3359464864,0.1029880899,-0.088517153,-0.1422031375,0.073293914,0.9733261566,-0.2075042635,-2.850995706,0,-0.1824671983,1.0946909713,-0.2786317187,0.0414695045,0,0,0,0,0,0,0,0,0,0,0,0,0,0,0,0,0,0,0,0,0,0,0,0,0,0,0.1705377462,-0.0518479731,-0.0800884028,0,0,0,0,0,0,0
20.4,0.192381556,0.3233937905,0.094333171,-0.0810032607,-0.1187727698,0.0755133989,0.989674723,-0.2295366717,-2.8014428002,0,-0.1888533754,1.0979202754,-0.2872919293,0.0455405581,0,0,0,0,0,0,0,0,0,0,0,0,0,0,0,0,0,0,0,0,0,0,0,0,0,0,0.1851758359,-0.0575249098,-0.0794544816,0,0,0,0,0,0,0
20.5,0.1713756781,0.3067203274,0.0988105351,-0.073650299,-0.0900089262,0.0811429919,1.0115149133,-0.2792789171,-2.7106007775,0,-0.1956523817,1.1021547708,-0.2989990852,0.0516553133,0,0,0,0,0,0,0,0,0,0,0,0,0,0,0,0,0,0,0,0,0,0,0,0,0,0,0.2071577038,-0.0561438545,-0.0778118736,0,0,0,0,0,0,0
20.6,0.1436962647,0.282616253,0.1185061507,-0.066910655,-0.0562086289,0.0917014417,0.9906847678,-0.4056284871,-2.5416048305,0,-0.2025931971,1.1065717092,-0.3131372109,0.0600625384,0,0,0,0,0,0,0,0,0,0,0,0,0,0,0,0,0,0,0,0,0,0,0,0,0,0,0.2368893655,-0.043505005,-0.0742464544,0,0,0,0,0,0,0
20.7,0.1090468022,0.2481010111,0.1539201012,-0.0611601248,-0.0180611648,0.1077933715,0.737609276,-0.7534381776,-2.1646614093,0,-0.2089033217,1.1102777248,-0.32887084,0.0707845581,0,0,0,0,0,0,0,0,0,0,0,0,0,0,0,0,0,0,0,0,0,0,0,0,0,0,0.2739631156,-0.0167058334,-0.0679979288,0,0,0,0,0,0,0
20.8,0.0678436691,0.2012026041,0.2037865243,-0.0566329701,0.0233279358,0.1280341325,-0.0444365855,-1.3924866452,-1.3551917318,0,-0.2133733954,1.1125624981,-0.3452051282,0.0834614712,0,0,0,0,0,0,0,0,0,0,0,0,0,0,0,0,0,0,0,0,0,0,0,0,0,0,0.3171061063,0.0252998907,-0.0585580973,0,0,0,0,0,0,0
20.9,0.0214118845,0.1418207738,0.2651146781,-0.0533786338,0.0664653438,0.1483885924,-0.7686492781,-0.7967850933,-0.6850915991,0,-0.2147188633,1.1131255861,-0.3610710056,0.0972897021,0,0,0,0,0,0,0,0,0,0,0,0,0,0,0,0,0,0,0,0,0,0,0,0,0,0,0.3642330138,0.0813901977,-0.0457410038,0,0,0,0,0,0,0
21,-0.0279756043,0.0726658113,0.3334580275,-0.0512489646,0.1095555266,0.1628592306,-1.1354240967,-0.4352560849,-0.4117490725,0,-0.2122103211,1.1121656527,-0.375416428,0.111075414,0,0,0,0,0,0,0,0,0,0,0,0,0,0,0,0,0,0,0,0,0,0,0,0,0,0,0.4126052885,0.1482700317,-0.0297160236,0,0,0,0,0,0,0
21.1,-0.0773444808,-0.0004314157,0.4033871141,-0.049920053,0.1506392361,0.1659995603,-1.3621838982,-0.2068500947,-0.2859525278,0,-0.2063355432,1.1102835954,-0.3873039559,0.1234201394,0,0,0,0,0,0,0,0,0,0,0,0,0,0,0,0,0,0,0,0,0,0,0,0,0,0,0.4590855338,0.2207900149,-0.0109997575,0,0,0,0,0,0,0
21.2,-0.1235532175,-0.0697824422,0.4691127406,-0.0489470743,0.1877716287,0.1561662939,-1.4843805262,-0.0396132317,-0.207807625,0,-0.1990866305,1.1082582751,-0.3959882555,0.1329728649,0,0,0,0,0,0,0,0,0,0,0,0,0,0,0,0,0,0,0,0,0,0,0,0,0,0,0.5004620638,0.2925579122,0.0095920966,0,0,0,0,0,0,0
21.3,-0.1638984724,-0.1285641316,0.5251828795,-0.0478447582,0.2192192451,0.1370513898,-1.4059617336,0.070747551,-0.1587051763,0,-0.1935957074,1.1067925499,-0.4009791822,0.1386958566,0,0,0,0,0,0,0,0,0,0,0,0,0,0,0,0,0,0,0,0,0,0,0,0,0,0,0.5338075596,0.3567669193,0.0310266446,0,0,0,0,0,0,0
21.4,-0.1965044045,-0.1733020596,0.5671632535,-0.0461812118,0.2436503429,0.1161090938,-1.3117246729,0.1283636947,-0.1341945984,0,-0.1931876419,1.1063202994,-0.4020843512,0.1400642637,0,0,0,0,0,0,0,0,0,0,0,0,0,0,0,0,0,0,0,0,0,0,0,0,0,0,0.5568286782,0.407129429,0.0521590821,0,0,0,0,0,0,0
21.5,-0.220339352,-0.2041730069,0.5922100109,-0.0436696622,0.2602920196,0.1012786497,-1.2446151725,0.1508736352,-0.1250795717,0,-0.2002941505,1.106917552,-0.3994326888,0.137160719,0,0,0,0,0,0,0,0,0,0,0,0,0,0,0,0,0,0,0,0,0,0,0,0,0,0,0.5681617189,0.4387845403,0.0718483099,0,0,0,0,0,0,0
21.6,-0.2350330872,-0.2230149417,0.5994540047,-0.0402418865,0.2690305205,0.0983470797,-1.2018824687,0.157702336,-0.1214618505,0,-0.215687936,1.1083245564,-0.3934800313,0.1306500891,0,0,0,0,0,0,0,0,0,0,0,0,0,0,0,0,0,0,0,0,0,0,0,0,0,0,0.5675735852,0.4490458258,0.0890689621,0,0,0,0,0,0,0
21.7,-0.240731772,-0.2308397103,0.5901387885,-0.0360889147,0.2704378112,0.1098180725,-1.179038181,0.1618307963,-0.1167245363,0,-0.238264196,1.1100693354,-0.3849800314,0.1216315604,0,0,0,0,0,0,0,0,0,0,0,0,0,0,0,0,0,0,0,0,0,0,0,0,0,0,0.5560370938,0.4378736355,0.1030069164,0,0,0,0,0,0,0
21.8,-0.2381353201,-0.2268257977,0.5674858039,-0.0316589093,0.2657170294,0.1346365979,-1.1718572843,0.16855523,-0.1085212095,0,-0.2653323663,1.1116456294,-0.3749359013,0.1114279583,0,0,0,0,0,0,0,0,0,0,0,0,0,0,0,0,0,0,0,0,0,0,0,0,0,0,0.5356641579,0.4079915595,0.1131279891,0,0,0,0,0,0,0
21.9,-0.2286298734,-0.209559329,0.5362962618,-0.0276083792,0.2565704651,0.1682424652,-1.1760154842,0.1777883632,-0.0976899336,0,-0.2932256636,1.1126989539,-0.3645126251,0.1013523627,0,0,0,0,0,0,0,0,0,0,0,0,0,0,0,0,0,0,0,0,0,0,0,0,0,0,0.509497805,0.3646149604,0.1192133535,0,0,0,0,0,0,0
22,-0.2143642882,-0.1797193543,0.502335063,-0.0247102253,0.2450046411,0.2033429242,-1.1872315969,0.1870851696,-0.0864270259,0,-0.3180364558,1.1131360299,-0.3549262665,0.0925259478,0,0,0,0,0,0,0,0,0,0,0,0,0,0,0,0,0,0,0,0,0,0,0,0,0,0,0.4811821812,0.3148141036,0.1213596772,0,0,0,0,0,0,0
22.1,-0.1981418785,-0.1421907075,0.4715727785,-0.0237294173,0.2330962351,0.2319917293,-1.2015995359,0.1941146528,-0.0767247805,0,-0.3363383751,1.1131139656,-0.3473108006,0.0857788291,0,0,0,0,0,0,0,0,0,0,0,0,0,0,0,0,0,0,0,0,0,0,0,0,0,0,0.454546232,0.2665876063,0.1199463993,0,0,0,0,0,0,0
22.2,-0.1830728046,-0.1057183028,0.4493828501,-0.0252832368,0.2227486038,0.2484063172,-1.2157645253,0.1979692854,-0.0696068916,0,-0.3458023572,1.1129150061,-0.3425877615,0.081648233,0,0,0,0,0,0,0,0,0,0,0,0,0,0,0,0,0,0,0,0,0,0,0,0,0,0,0.4331493549,0.2277659669,0.1155763641,0,0,0,0,0,0,0
22.3,-0.1720222504,-0.0800573709,0.4397996271,-0.0297069449,0.2154705742,0.2506600762,-1.2270873597,0.1991574866,-0.0651829566,0,-0.3455529335,1.1127715113,-0.3413495008,0.0804267991,0,0,0,0,0,0,0,0,0,0,0,0,0,0,0,0,0,0,0,0,0,0,0,0,0,0,0.4198441487,0.2048932299,0.1089987106,0,0,0,0,0,0,0
22.4,-0.1670372617,-0.0723315174,0.4449371744,-0.0369467054,0.2122066129,0.2399187232,-1.2339371453,0.1987470845,-0.0631543477,0,-0.3361288285,1.1127302229,-0.3437820733,0.0822183991,0,0,0,0,0,0,0,0,0,0,0,0,0,0,0,0,0,0,0,0,0,0,0,0,0,0,0.4164113021,0.2022429053,0.1010242137,0,0,0,0,0,0,0
22.5,-0.1690152135,-0.0843839698,0.4646494608,-0.0464992792,0.2132407738,0.2181077006,-1.235947734,0.1974830718,-0.0632911177,0,-0.3190837594,1.1126209515,-0.3496294763,0.0869422727,0,0,0,0,0,0,0,0,0,0,0,0,0,0,0,0,0,0,0,0,0,0,0,0,0,0,0.4233144424,0.2211104532,0.0924431143,0,0,0,0,0,0,0
22.6,-0.1777305365,-0.1119891199,0.4964819614,-0.0574125536,0.2181868955,0.1863936573,-1.2340002803,0.1954616067,-0.0655950974,0,-0.296465126,1.1121464108,-0.3582111795,0.0942802968,0,0,0,0,0,0,0,0,0,0,0,0,0,0,0,0,0,0,0,0,0,0,0,0,0,0,0.439609127,0.2594903926,0.0839540411,0,0,0,0,0,0,0
22.7,-0.1920998488,-0.1461903419,0.5359268678,-0.0683530185,0.2260657804,0.1460305972,-1.2298983297,0.1923861599,-0.0701542877,0,-0.2704512116,1.1110609777,-0.3684941459,0.1036025091,0,0,0,0,0,0,0,0,0,0,0,0,0,0,0,0,0,0,0,0,0,0,0,0,0,0,0.4630217003,0.3121958167,0.0761102399,0,0,0,0,0,0,0
22.8,-0.2104860588,-0.1767955155,0.5769540615,-0.0777368831,0.2354582377,0.1006802507,-1.2258759136,0.1880513797,-0.0768788028,0,-0.2433192578,1.1093522574,-0.3792057233,0.1139156837,0,0,0,0,0,0,0,0,0,0,0,0,0,0,0,0,0,0,0,0,0,0,0,0,0,0,0.4901927685,0.3714185497,0.0692864513,0,0,0,0,0,0,0
22.9,-0.2309936128,-0.197019164,0.6127531818,-0.0839119663,0.2447126089,0.0574526418,-1.2241549195,0.1825841231,-0.0853658561,0,-0.2176870126,1.1073322215,-0.3889816585,0.1239099613,0,0,0,0,0,0,0,0,0,0,0,0,0,0,0,0,0,0,0,0,0,0,0,0,0,0,0.5170592415,0.4276675648,0.0636668942,0,0,0,0,0,0,0
23,-0.2518025945,-0.2064665724,0.6365935587,-0.0853691837,0.2521782008,0.0250949732,-1.2266098786,0.1762769712,-0.0950011146,0,-0.1966846308,1.1055852606,-0.3965158549,0.1321052903,0,0,0,0,0,0,0,0,0,0,0,0,0,0,0,0,0,0,0,0,0,0,0,0,0,0,0.5393309885,0.4709700725,0.0592523519,0,0,0,0,0,0,0
23.1,-0.2714182029,-0.2098141667,0.6426924224,-0.0809566766,0.2564329376,0.0109446754,-1.2345121968,0.1691956876,-0.1052078044,0,-0.1837104812,1.104781955,-0.4007069239,0.1370993415,0,0,0,0,0,0,0,0,0,0,0,0,0,0,0,0,0,0,0,0,0,0,0,0,0,0,0.5530055378,0.4921814167,0.05588263,0,0,0,0,0,0,0
23.2,-0.2886257046,-0.2119784501,0.626979939,-0.0700673617,0.2564749161,0.0193559138,-1.2482936914,0.1609578807,-0.115634363,0,-0.1817625132,1.105440052,-0.4007749927,0.1378391843,0,0,0,0,0,0,0,0,0,0,0,0,0,0,0,0,0,0,0,0,0,0,0,0,0,0,0.5548586573,0.4842321192,0.0532698102,0,0,0,0,0,0,0
23.3,-0.3021649648,-0.2132996733,0.5876625664,-0.0527724155,0.251853154,0.0519644814,-1.2673688726,0.1509347726,-0.126119095,0,-0.19269356,1.1077192162,-0.3963464427,0.1338565351,0,0,0,0,0,0,0,0,0,0,0,0,0,0,0,0,0,0,0,0,0,0,0,0,0,0,0.5428508971,0.4431457958,0.0510377407,0,0,0,0,0,0,0
23.4,-0.3104223174,-0.2077250599,0.5255122537,-0.0298789069,0.2427217847,0.1078003931,-1.2900483873,0.1388543722,-0.1364266437,0,-0.2167264303,1.1113079415,-0.3875071987,0.1253967708,0,0,0,0,0,0,0,0,0,0,0,0,0,0,0,0,0,0,0,0,0,0,0,0,0,0,0.5164000465,0.3686897122,0.0487638823,0,0,0,0,0,0,0
23.5,-0.3114398658,-0.1854076917,0.4438445926,-0.002898817,0.2298129075,0.1819701827,-1.3136590719,0.1254282714,-0.1459514809,0,-0.252303983,1.1154567925,-0.3748112567,0.1133961342,0,0,0,0,0,0,0,0,0,0,0,0,0,0,0,0,0,0,0,0,0,0,0,0,0,0,0.4764857422,0.2645667847,0.0460207,0,0,0,0,0,0,0
23.6,-0.3033428605,-0.1393147567,0.3481893516,0.0260720828,0.2143346317,0.2645097354,-1.3349354168,0.1125837204,-0.1536051229,0,-0.2961395572,1.1191658276,-0.3592538523,0.0993138294,0,0,0,0,0,0,0,0,0,0,0,0,0,0,0,0,0,0,0,0,0,0,0,0,0,0,0.4255730701,0.1381175014,0.0424149018,0,0,0,0,0,0,0
23.7,-0.2851554541,-0.0718535295,0.2456964052,0.05455506,0.1978108922,0.3423201528,-1.3506833173,0.1030339459,-0.158031796,0,-0.3434070295,1.1215058248,-0.342194465,0.0848428612,0,0,0,0,0,0,0,0,0,0,0,0,0,0,0,0,0,0,0,0,0,0,0,0,0,0,0.3673642829,-0.0004355588,0.0376236849,0,0,0,0,0,0,0
23.8,-0.2577024125,0.0042913405,0.1443535875,0.0799474733,0.1818869537,0.4043514874,-1.358430793,0.0993506518,-0.1580667,0,-0.3883091033,1.1219654368,-0.3252346709,0.0715817837,0,0,0,0,0,0,0,0,0,0,0,0,0,0,0,0,0,0,0,0,0,0,0,0,0,0,0.3064088169,-0.1391079639,0.0314275358,0,0,0,0,0,0,0
23.9,-0.2239708957,0.0717906382,0.0521159862,0.0998099792,0.1681281627,0.4458457849,-1.3567932842,0.1029452137,-0.1532387885,0,-0.4252631777,1.1206672883,-0.3100521009,0.0607603865,0,0,0,0,0,0,0,0,0,0,0,0,0,0,0,0,0,0,0,0,0,0,0,0,0,0,0.2476189198,-0.2654981942,0.0237389789,0,0,0,0,0,0,0
24,-0.1884809381,0.1154435148,-0.0239443194,0.1121469697,0.1578390557,0.4677060855,-1.3456453484,0.1134272735,-0.1440778139,0,-0.4504149192,1.1183281653,-0.2982178013,0.0531119543,0,0,0,0,0,0,0,0,0,0,0,0,0,0,0,0,0,0,0,0,0,0,0,0,0,0,0.1957492038,-0.3681879308,0.014626043,0,0,0,0,0,0,0
24.1,-0.1559066139,0.1257363537,-0.0783641615,0.1156449735,0.1519256027,0.4724709169,-1.326353801,0.1286119608,-0.132086515,0,-0.4626030747,1.1159741838,-0.2910175236,0.0489168389,0,0,0,0,0,0,0,0,0,0,0,0,0,0,0,0,0,0,0,0,0,0,0,0,0,0,0.1549019546,-0.4380226755,0.0043283452,0,0,0,0,0,0,0
24.2,-0.1297055194,0.0995035686,-0.1078056268,0.1098380869,0.150815966,0.4608890047,-1.3017696539,0.1452286693,-0.1193536422,0,-0.4632077903,1.1145495187,-0.2893129155,0.0481903535,0,0,0,0,0,0,0,0,0,0,0,0,0,0,0,0,0,0,0,0,0,0,0,0,0,0,0.1281156888,-0.4691145814,-0.0067371249,0,0,0,0,0,0,0
24.3,-0.1113845565,0.0403226826,-0.1113071667,0.0951780469,0.1544459155,0.4305708484,-1.2756309629,0.1600617968,-0.107946258,0,-0.455144381,1.1145834336,-0.2934490859,0.0509086795,0,0,0,0,0,0,0,0,0,0,0,0,0,0,0,0,0,0,0,0,0,0,0,0,0,0,0.1170829499,-0.4594471122,-0.017983861,0,0,0,0,0,0,0
24.4,-0.1006412644,-0.0402982616,-0.090249874,0.0729982457,0.1623054554,0.3772102926,-1.2516412697,0.1710228557,-0.099330599,0,-0.4417758593,1.1159926201,-0.303222932,0.0571650899,0,0,0,0,0,0,0,0,0,0,0,0,0,0,0,0,0,0,0,0,0,0,0,0,0,0,0.122026282,-0.4110142111,-0.0286804123,0,0,0,0,0,0,0
24.5,-0.0962239873,-0.1231330393,-0.0480568592,0.0453743154,0.173534741,0.2993690229,-1.2327813065,0.1776004529,-0.0940881913,0,-0.4261996966,1.1180799682,-0.3179056961,0.0671717179,0,0,0,0,0,0,0,0,0,0,0,0,0,0,0,0,0,0,0,0,0,0,0,0,0,0,0.1417410611,-0.3294876081,-0.0379936342,0,0,0,0,0,0,0
24.6,-0.0970099924,-0.1864382312,0.0103225344,0.0148970988,0.1870512637,0.2040485486,-1.2210636194,0.1804822527,-0.0920499493,0,-0.4107871562,1.1197331118,-0.3363203851,0.0810894186,0,0,0,0,0,0,0,0,0,0,0,0,0,0,0,0,0,0,0,0,0,0,0,0,0,0,0.1737931095,-0.2234663816,-0.0450505931,0,0,0,0,0,0,0
24.7,-0.1027106001,-0.216231013,0.0790663873,-0.0156148809,0.2016873656,0.1064678182,-1.2175760634,0.1806438025,-0.0927273243,0,-0.3967389816,1.1198242642,-0.3569716127,0.0987616396,0,0,0,0,0,0,0,0,0,0,0,0,0,0,0,0,0,0,0,0,0,0,0,0,0,0,0.214840496,-0.103414731,-0.0490164456,0,0,0,0,0,0,0
24.8,-0.1138552589,-0.2141621998,0.1521804237,-0.0434284819,0.2163176964,0.0228515713,-1.2225622367,0.1785254195,-0.09574154,0,-0.3837656656,1.1176716903,-0.3782180684,0.1194675756,0,0,0,0,0,0,0,0,0,0,0,0,0,0,0,0,0,0,0,0,0,0,0,0,0,0,0.2610349938,0.0195696615,-0.0491826257,0,0,0,0,0,0,0
24.9,-0.1312030497,-0.1946543039,0.2241525406,-0.0661962197,0.2299599726,-0.0370271473,-1.235442009,0.1737796457,-0.1009894737,0,-0.3702070404,1.1133541709,-0.3984583512,0.1418241471,0,0,0,0,0,0,0,0,0,0,0,0,0,0,0,0,0,0,0,0,0,0,0,0,0,0,0.3084510091,0.1349978304,-0.0450568656,0,0,0,0,0,0,0
25,-0.1550802266,-0.1745444993,0.290481174,-0.0822070738,0.241838527,-0.0714612912,-1.2547540022,0.165730305,-0.1084473401,0,-0.3536839999,1.1076871309,-0.4163008391,0.1639091761,0,0,0,0,0,0,0,0,0,0,0,0,0,0,0,0,0,0,0,0,0,0,0,0,0,0,0.3534892025,0.2340885617,-0.0364444744,0,0,0,0,0,0,0
25.1,-0.1850362553,-0.1649492493,0.3480193865,-0.0905575596,0.25140751,-0.0831463586,-1.2781214517,0.1542149521,-0.1177903583,0,-0.3319819516,1.1018931645,-0.4306835648,0.1835767207,0,0,0,0,0,0,0,0,0,0,0,0,0,0,0,0,0,0,0,0,0,0,0,0,0,0,0.3932082989,0.3105958569,-0.0235094068,0,0,0,0,0,0,0
25.2,-0.2198502776,-0.1688513147,0.3951058948,-0.0912231424,0.2583378996,-0.075080664,-1.3023730561,0.1402712466,-0.1280999376,0,-0.3037409106,1.0971841642,-0.4409186487,0.1988473862,0,0,0,0,0,0,0,0,0,0,0,0,0,0,0,0,0,0,0,0,0,0,0,0,0,0,0.4255506142,0.3612778033,-0.006804341,0,0,0,0,0,0,0
25.3,-0.2577028171,-0.182488718,0.4314860646,-0.085022954,0.2624784379,-0.0495197739,-1.3239812354,0.1261952905,-0.1378882364,0,-0.2687329383,1.0944272213,-0.4467034504,0.2082819173,0,0,0,0,0,0,0,0,0,0,0,0,0,0,0,0,0,0,0,0,0,0,0,0,0,0,0.4494427321,0.3859710081,0.0127386127,0,0,0,0,0,0,0
25.4,-0.2963376859,-0.198706791,0.4580554929,-0.073484466,0.2638042585,-0.0096056642,-1.3397782969,0.1148924566,-0.1454581303,0,-0.2277749954,1.0939763281,-0.4481061089,0.2112271571,0,0,0,0,0,0,0,0,0,0,0,0,0,0,0,0,0,0,0,0,0,0,0,0,0,0,0.4647702327,0.38728832,0.0338609415,0,0,0,0,0,0,0
25.5,-0.3331900293,-0.2112517423,0.4764819442,-0.0586274443,0.2623677551,0.0390205185,-1.3476478634,0.1088520123,-0.1494358444,0,-0.1824860082,1.0956505945,-0.4455381574,0.2079041812,0,0,0,0,0,0,0,0,0,0,0,0,0,0,0,0,0,0,0,0,0,0,0,0,0,0,0.4722419246,0.3700060428,0.0550736583,0,0,0,0,0,0,0
25.6,-0.365531764,-0.2181996124,0.4887749801,-0.0426964726,0.2582641199,0.0886240177,-1.3468324907,0.1092664647,-0.1492153013,0,-0.135072504,1.0988356093,-0.439688901,0.1993155866,0,0,0,0,0,0,0,0,0,0,0,0,0,0,0,0,0,0,0,0,0,0,0,0,0,0,0.4731724485,0.3402437334,0.0747894999,0,0,0,0,0,0,0
25.7,-0.3907164611,-0.2223723026,0.4968750291,-0.027877289,0.251619458,0.1313858707,-1.3379043544,0.115657116,-0.1451408812,0,-0.0882260205,1.1026690619,-0.4314326922,0.187009785,0,0,0,0,0,0,0,0,0,0,0,0,0,0,0,0,0,0,0,0,0,0,0,0,0,0,0.4692206946,0.3045603957,0.0914792137,0,0,0,0,0,0,0
25.8,-0.4065243876,-0.2285894519,0.5023250028,-0.0160333786,0.2426033466,0.1612188252,-1.3226383707,0.1261323452,-0.1383578932,0,-0.0451003032,1.1062769559,-0.4217242755,0.1727596261,0,0,0,0,0,0,0,0,0,0,0,0,0,0,0,0,0,0,0,0,0,0,0,0,0,0,0.4621242678,0.2690933004,0.1038352581,0,0,0,0,0,0,0
25.9,-0.411574408,-0.2400123573,0.5060696736,-0.0084956331,0.2314613536,0.174502509,-1.3037648993,0.1381223615,-0.1304178532,0,-0.009265566,1.10900988,-0.4114988996,0.1582368428,0,0,0,0,0,0,0,0,0,0,0,0,0,0,0,0,0,0,0,0,0,0,0,0,0,0,0.4534671592,0.2388503877,0.1109235934,0,0,0,0,0,0,0
26,-0.4056756311,-0.2559723357,0.5084040174,-0.0059299805,0.2185575845,0.1702720648,-1.2844558978,0.1492637396,-0.1228001555,0,0.0154791356,1.1105969956,-0.4015968507,0.1447662244,0,0,0,0,0,0,0,0,0,0,0,0,0,0,0,0,0,0,0,0,0,0,0,0,0,0,0.4445096147,0.21723733,0.1123039825,0,0,0,0,0,0,0
26.1,-0.3899634071,-0.2721949245,0.5090655776,-0.0082968769,0.2044138598,0.1504789062,-1.2676952819,0.1580226764,-0.1165609433,0,0.0255477221,1.111176818,-0.3926958869,0.1332014224,0,0,0,0,0,0,0,0,0,0,0,0,0,0,0,0,0,0,0,0,0,0,0,0,0,0,0.4360973857,0.20586093,0.1081016183,0,0,0,0,0,0,0
26.2,-0.3666247604,-0.2830206202,0.5074418051,-0.0149039766,0.1897313782,0.1200303368,-1.2558042898,0.1638064879,-0.1122363858,0,0.0183288585,1.1111797813,-0.3852621216,0.1239323568,0,0,0,0,0,0,0,0,0,0,0,0,0,0,0,0,0,0,0,0,0,0,0,0,0,0,0.4286540509,0.204607825,0.0990178236,0,0,0,0,0,0,0
26.3,-0.338149014,-0.2843751576,0.5028450292,-0.0245409091,0.17538292,0.0858969655,-1.2502237726,0.1666210269,-0.1099844168,0,-0.0068144947,1.1111206331,-0.3795325035,0.1169945892,0,0,0,0,0,0,0,0,0,0,0,0,0,0,0,0,0,0,0,0,0,0,0,0,0,0,0.4222469931,0.2119578642,0.0862745391,0,0,0,0,0,0,0
26.4,-0.3064063758,-0.2757809598,0.4947979551,-0.0356745715,0.1623685065,0.0552524969,-1.2514860876,0.1665805696,-0.1098149232,0,-0.0476926744,1.1114012361,-0.375522499,0.1122050604,0,0,0,0,0,0,0,0,0,0,0,0,0,0,0,0,0,0,0,0,0,0,0,0,0,0,0.4167068501,0.2254606736,0.0714954929,0,0,0,0,0,0,0
26.5,-0.2723079087,-0.2601929445,0.4832727068,-0.0466760804,0.151734171,0.0335779276,-1.2592428009,0.1636542108,-0.1117136905,0,-0.0991152235,1.1121907517,-0.3730652098,0.1092725788,0,0,0,0,0,0,0,0,0,0,0,0,0,0,0,0,0,0,0,0,0,0,0,0,0,0,0.4117733418,0.2422858892,0.0565352787,0,0,0,0,0,0,0
26.6,-0.2366034387,-0.2419857376,0.4688361709,-0.0560474257,0.1444609466,0.0237841136,-1.2723133192,0.1577820868,-0.1155961466,0,-0.1538027232,1.1134124141,-0.3718661542,0.1078535467,0,0,0,0,0,0,0,0,0,0,0,0,0,0,0,0,0,0,0,0,0,0,0,0,0,0,0.4072381662,0.2597542669,0.0432749026,0,0,0,0,0,0,0
26.7,-0.2012111007,-0.2246031755,0.4526719677,-0.0626172352,0.141338015,0.0265533978,-1.2887713346,0.1492574521,-0.1211335077,0,-0.204339674,1.1148117665,-0.3715663929,0.1075669823,0,0,0,0,0,0,0,0,0,0,0,0,0,0,0,0,0,0,0,0,0,0,0,0,0,0,0.403058266,0.2757680033,0.03340763,0,0,0,0,0,0,0
26.8,-0.1696108048,-0.2091603739,0.4364717672,-0.0656805717,0.1428388934,0.0411484124,-1.3061422283,0.1390523859,-0.1276251126,0,-0.2453854133,1.1160571928,-0.3718072175,0.1080079352,0,0,0,0,0,0,0,0,0,0,0,0,0,0,0,0,0,0,0,0,0,0,0,0,0,0,0.3994195636,0.2890815696,0.0282413181,0,0,0,0,0,0,0
26.9,-0.1457587251,-0.1944957979,0.4222121422,-0.0650664494,0.1490215484,0.0658255376,-1.3217683746,0.1288227521,-0.1340305976,0,-0.2748562031,1.1168367266,-0.3722771688,0.1087755248,0,0,0,0,0,0,0,0,0,0,0,0,0,0,0,0,0,0,0,0,0,0,0,0,0,0,0.3967409868,0.299384941,0.0285423978,0,0,0,0,0,0,0
27,-0.1325807684,-0.1785161424,0.4118538283,-0.0611274492,0.159471857,0.0977587375,-1.3333208772,0.1204967673,-0.1392112865,0,-0.2933580352,1.1169226191,-0.3727452281,0.1095237315,0,0,0,0,0,0,0,0,0,0,0,0,0,0,0,0,0,0,0,0,0,0,0,0,0,0,0.3956196027,0.3072040766,0.0344422414,0,0,0,0,0,0,0
27.1,-0.1312565241,-0.1601426268,0.4070147389,-0.0546568739,0.1733048953,0.1331085659,-1.3392655197,0.1156601146,-0.1422601399,0,-0.3025634581,1.1162052768,-0.3730759489,0.1100198202,0,0,0,0,0,0,0,0,0,0,0,0,0,0,0,0,0,0,0,0,0,0,0,0,0,0,0.3967281204,0.3136535348,0.0454192879,0,0,0,0,0,0,0
27.2,-0.1413886942,-0.1406888663,0.4086739883,-0.0467487519,0.1892307192,0.167716129,-1.3391176204,0.1150336819,-0.1427722991,0,-0.3038666428,1.1147119744,-0.3732243431,0.110174683,0,0,0,0,0,0,0,0,0,0,0,0,0,0,0,0,0,0,0,0,0,0,0,0,0,0,0.4006842689,0.3200985587,0.0603608719,0,0,0,0,0,0,0
27.3,-0.1614212302,-0.1237505925,0.4169604966,-0.0386233249,0.2056817229,0.1980708201,-1.3334503961,0.1182781713,-0.1409439225,0,-0.2979942607,1.1126172189,-0.3732192348,0.1100306643,0,0,0,0,0,0,0,0,0,0,0,0,0,0,0,0,0,0,0,0,0,0,0,0,0,0,0.4079163166,0.3277956055,0.0776984432,0,0,0,0,0,0,0
27.4,-0.1888729634,-0.1137219223,0.4310670336,-0.031444488,0.220988783,0.2217989276,-1.3237333509,0.124197935,-0.1374564048,0,-0.2853857477,1.1102424038,-0.3731372608,0.1097175015,0,0,0,0,0,0,0,0,0,0,0,0,0,0,0,0,0,0,0,0,0,0,0,0,0,0,0.4185495959,0.3375797503,0.0956001302,0,0,0,0,0,0,0
27.5,-0.220476383,-0.1139160059,0.4493108026,-0.0261555802,0.2335848084,0.2374197638,-1.3120345058,0.1312131679,-0.1332212214,0,-0.2668690837,1.1080276425,-0.3730711207,0.1093875192,0,0,0,0,0,0,0,0,0,0,0,0,0,0,0,0,0,0,0,0,0,0,0,0,0,0,0.4323353241,0.3496553156,0.1121967498,0,0,0,0,0,0,0
27.6,-0.2524568702,-0.1252325906,0.4693379928,-0.0233560969,0.2422084716,0.2438794145,-1.3006091485,0.1378682793,-0.1290992389,0,-0.2442241689,1.1064647639,-0.3730995744,0.1091696976,0,0,0,0,0,0,0,0,0,0,0,0,0,0,0,0,0,0,0,0,0,0,0,0,0,0,0.4486359156,0.3635249361,0.1258125164,0,0,0,0,0,0,0
27.7,-0.2810575869,-0.1457729646,0.4884459265,-0.0232349953,0.2460788962,0.2404956601,-1.2914651467,0.1431525524,-0.1257147773,0,-0.2203680197,1.105988046,-0.3732661796,0.1091537852,0,0,0,0,0,0,0,0,0,0,0,0,0,0,0,0,0,0,0,0,0,0,0,0,0,0,0.466471573,0.378065938,0.1351706011,0,0,0,0,0,0,0
27.8,-0.3031902966,-0.1713921148,0.5039763224,-0.025567405,0.2450144333,0.2274298782,-1.2860172733,0.1465502944,-0.1234087627,0,-0.1990370604,1.1068591955,-0.3735633474,0.1093963825,0,0,0,0,0,0,0,0,0,0,0,0,0,0,0,0,0,0,0,0,0,0,0,0,0,0,0.4846227699,0.3917359738,0.1395465765,0,0,0,0,0,0,0
27.9,-0.3169654911,-0.1969420657,0.5137200716,-0.0297720781,0.2394752515,0.2062421429,-1.2848800055,0.1479179667,-0.1222863152,0,-0.1840408202,1.1090770663,-0.3739311142,0.1099218325,0,0,0,0,0,0,0,0,0,0,0,0,0,0,0,0,0,0,0,0,0,0,0,0,0,0,0.5017739521,0.4028668607,0.1388493492,0,0,0,0,0,0,0
28,-0.3218941455,-0.2177996923,0.5162699862,-0.0350182162,0.230519478,0.179952097,-1.2877860005,0.1473718326,-0.1222694125,0,-0.1783439712,1.1123544343,-0.3742643725,0.1106983687,0,0,0,0,0,0,0,0,0,0,0,0,0,0,0,0,0,0,0,0,0,0,0,0,0,0,0.516676877,0.4099902967,0.1336186008,0,0,0,0,0,0,0
28.1,-0.3187132546,-0.2311182645,0.5112640341,-0.0403636304,0.2196746913,0.1524082016,-1.2936003023,0.1453191128,-0.1230850222,0,-0.1832798456,1.1161641624,-0.3744364595,0.1115961452,0,0,0,0,0,0,0,0,0,0,0,0,0,0,0,0,0,0,0,0,0,0,0,0,0,0,0.5283085702,0.4121339782,0.124938803,0,0,0,0,0,0,0
28.2,-0.3090213659,-0.2363155937,0.4994768422,-0.0449024151,0.2087389393,0.1272907843,-1.3004560435,0.1425679323,-0.1242243808,0,-0.198169421,1.1198422332,-0.3743209191,0.1123498198,0,0,0,0,0,0,0,0,0,0,0,0,0,0,0,0,0,0,0,0,0,0,0,0,0,0,0.535999452,0.4090323013,0.1142810448,0,0,0,0,0,0,0
28.3,-0.2949412035,-0.2347124825,0.4827395287,-0.047899893,0.1995362746,0.1072705823,-1.306033878,0.140354373,-0.1249501754,0,-0.220478565,1.1226941731,-0.373818761,0.1125812818,0,0,0,0,0,0,0,0,0,0,0,0,0,0,0,0,0,0,0,0,0,0,0,0,0,0,0.5395116603,0.4012111579,0.1032936943,0,0,0,0,0,0,0
28.4,-0.2789159322,-0.2286727655,0.4636938729,-0.0488954529,0.1936593884,0.0936515059,-1.3079905352,0.140102729,-0.1244450819,0,-0.2464594537,1.1240702934,-0.372881285,0.1119081679,0,0,0,0,0,0,0,0,0,0,0,0,0,0,0,0,0,0,0,0,0,0,0,0,0,0,0.5390552546,0.3899286348,0.0935699484,0,0,0,0,0,0,0
28.5,-0.2635517056,-0.2207646559,0.4454125086,-0.0477594947,0.1922350244,0.0864821633,-1.304476707,0.142930629,-0.1220863617,0,-0.2720274927,1.1234042309,-0.3715231134,0.1101053742,0,0,0,0,0,0,0,0,0,0,0,0,0,0,0,0,0,0,0,0,0,0,0,0,0,0,0.5352396093,0.3769788409,0.0864236096,0,0,0,0,0,0,0
28.6,-0.2513625579,-0.2132300887,0.4309382693,-0.0446981059,0.1957458599,0.0849318309,-1.2946425358,0.1490857122,-0.1177510101,0,-0.2935230728,1.1202558363,-0.3698275563,0.1072635317,0,0,0,0,0,0,0,0,0,0,0,0,0,0,0,0,0,0,0,0,0,0,0,0,0,0,0.5289673764,0.3643903153,0.0827034801,0,0,0,0,0,0,0
28.7,-0.2444150147,-0.207757961,0.4228096588,-0.0402071354,0.2039355896,0.0877143538,-1.2789863627,0.157657955,-0.1119737565,0,-0.308146453,1.1144141202,-0.3679515727,0.1038473202,0,0,0,0,0,0,0,0,0,0,0,0,0,0,0,0,0,0,0,0,0,0,0,0,0,0,0.5212873279,0.354069431,0.0826716743,0,0,0,0,0,0,0
28.8,-0.2439677639,-0.2053940707,0.4226434213,-0.0349847991,0.2158129251,0.0934595511,-1.259425213,0.1668059756,-0.1058380414,0,-0.3140982651,1.1061059291,-0.366116963,0.1005803705,0,0,0,0,0,0,0,0,0,0,0,0,0,0,0,0,0,0,0,0,0,0,0,0,0,0,0.5132287864,0.3474497097,0.0859625884,0,0,0,0,0,0,0
28.9,-0.2502150329,-0.2064561626,0.430838567,-0.0298177524,0.2297566434,0.1010168314,-1.2390037833,0.174504283,-0.1005898664,0,-0.3106155167,1.096243549,-0.3646020958,0.0981763184,0,0,0,0,0,0,0,0,0,0,0,0,0,0,0,0,0,0,0,0,0,0,0,0,0,0,0.505643211,0.3452082427,0.0916283878,0,0,0,0,0,0,0
29,-0.262203632,-0.2104350223,0.4464497816,-0.0254588939,0.243709612,0.1097072162,-1.2213704583,0.1794372704,-0.0971546715,0,-0.2980470122,1.0865742568,-0.3637239188,0.0970378337,0,0,0,0,0,0,0,0,0,0,0,0,0,0,0,0,0,0,0,0,0,0,0,0,0,0,0.4990773961,0.3471003748,0.0982651512,0,0,0,0,0,0,0
29.1,-0.2779724589,-0.2159482014,0.4672542416,-0.022515625,0.2554369501,0.1195008375,-1.2102924589,0.1814149821,-0.0958764208,0,-0.2779788928,1.0795538444,-0.3638117252,0.0971302037,0,0,0,0,0,0,0,0,0,0,0,0,0,0,0,0,0,0,0,0,0,0,0,0,0,0,0.4936978255,0.3519450685,0.1042028633,0,0,0,0,0,0,0
29.2,-0.294903097,-0.2208094379,0.490007915,-0.0213649148,0.2628140432,0.1310471587,-1.209426184,0.1807851067,-0.0967662828,0,-0.2533058821,1.0778702907,-0.365172469,0.0982363643,0,0,0,0,0,0,0,0,0,0,0,0,0,0,0,0,0,0,0,0,0,0,0,0,0,0,0.4892777812,0.3577689562,0.1077337657,0,0,0,0,0,0,0
29.3,-0.3102015431,-0.2222010552,0.5108595695,-0.0221067833,0.2641054323,0.1454559648,-1.2223026814,0.1768650611,-0.1002913011,0,-0.2280955074,1.0836567071,-0.3680441075,0.1006191612,0,0,0,0,0,0,0,0,0,0,0,0,0,0,0,0,0,0,0,0,0,0,0,0,0,0,0.4852490676,0.3620909766,0.1073483589,0,0,0,0,0,0,0
29.4,-0.3213404001,-0.2169088518,0.5258670611,-0.0245615182,0.2581964079,0.1637924268,-1.2524347563,0.1660138736,-0.1083518907,0,-0.207135312,1.0974946252,-0.3725496687,0.1058873682,0,0,0,0,0,0,0,0,0,0,0,0,0,0,0,0,0,0,0,0,0,0,0,0,0,0,0.4808101817,0.3623059219,0.1019473081,0,0,0,0,0,0,0
29.5,-0.3262991954,-0.2016355186,0.5315445796,-0.0283090964,0.2447453878,0.1863623065,-1.3031947356,0.1404837348,-0.1248075048,0,-0.1951623754,1.1173974216,-0.3786528397,0.1175927851,0,0,0,0,0,0,0,0,0,0,0,0,0,0,0,0,0,0,0,0,0,0,0,0,0,0,0.4750739943,0.3561080617,0.0910007788,0,0,0,0,0,0,0
29.6,-0.3235339103,-0.1735011177,0.5253638091,-0.0327629503,0.2242359969,0.2119839901,-1.3757446902,0.0894889329,-0.1548777477,0,-0.1959164525,1.1383437365,-0.386140541,0.1409764463,0,0,0,0,0,0,0,0,0,0,0,0,0,0,0,0,0,0,0,0,0,0,0,0,0,0,0.467231851,0.3418880719,0.0746338531,0,0,0,0,0,0,0
29.7,-0.3118330346,-0.1308316585,0.5061373446,-0.0372653451,0.1979216597,0.2375921504,-1.4535917003,0.0033426121,-0.203244648,0,-0.211284334,1.1535624304,-0.3947464598,0.1815019018,0,0,0,0,0,0,0,0,0,0,0,0,0,0,0,0,0,0,0,0,0,0,0,0,0,0,0.4567083983,0.3190391716,0.053626663,0,0,0,0,0,0,0
29.8,-0.2903236255,-0.0740916537,0.4742285077,-0.0411888992,0.1676704676,0.2585832785,-1.4311247246,-0.1210579013,-0.2719240438,0,-0.2408144355,1.1579200954,-0.4048322613,0.2426271746,0,0,0,0,0,0,0,0,0,0,0,0,0,0,0,0,0,0,0,0,0,0,0,0,0,0,0.4432827879,0.2881212999,0.0293293476,0,0,0,0,0,0,0
29.9,-0.2587622494,-0.0064922096,0.4315556722,-0.0440285301,0.1357319316,0.2701835332,-1.2891141218,-0.2794316302,-0.3615621679,0,-0.2818225746,1.1485965534,-0.4202091064,0.3255642194,0,0,0,0,0,0,0,0,0,0,0,0,0,0,0,0,0,0,0,0,0,0,0,0,0,0,0.4271569931,0.2508534093,0.0035033073,0,0,0,0,0,0,0
